{"train_loss": [0.2823617790673387, 0.0024348285570034486, 0.0018063003458833032, 0.0015107162820365086, 0.0015410457440360639, 0.0013219288768802915, 0.001416148696485377, 0.0014501082127741692, 0.001258142383811086, 0.0013219354731048418, 0.0012731209007793623, 0.0012672026296834775, 0.001086520224476401, 0.0010762189970665139, 0.0011265874612454096, 0.001175143300242263, 0.0011101944826684574, 0.0010509094942286082, 0.001122707075393048, 0.0010730568680943154, 0.001091485689956942, 0.0009918321642397917, 0.0010015512867643105, 0.0010273088433479635, 0.0009979438049094178, 0.0009616095451604998, 0.000992277405121015, 0.0009764991950307712, 0.0009762382780872639, 0.0009430985264943569, 0.000936013166831312, 0.0009520793856690986, 0.0009539821934146956, 0.0009368761560948062, 0.0009318173404229072, 0.000937625574487619, 0.0009389220928923354, 0.0009274179069270155, 0.0009346967496825338, 0.0009268488598682905, 0.0009224426289038265, 0.0009229639918881058, 0.0009232314341586807, 0.0009200429107709148, 0.0009282115603834655, 0.000920994314436814, 0.0009226606914914826, 0.0009215537108860521, 0.0009247031683815087, 0.0009176418419995773, 0.0009220237883692828, 0.0009190221395734168, 0.0009182919454330499, 0.0009167915329025944, 0.0009200753765765542, 0.000918377919941346, 0.0009230074365965369, 0.0009204732660773559, 0.0009189827005727596, 0.000918437724450815, 0.0009148688006194935, 0.0009271729986075205, 0.0009198312135082251, 0.0009160742985186172, 0.0009204227443104742, 0.0009159174826662652, 0.0009168410958982651, 0.0009163163774216468, 0.0009214032512550989, 0.0009212474698990902, 0.0009049021068439594, 0.0009224237646561081, 0.0009203890081433253, 0.0009253373285711377, 0.0009161527838251195, 0.0009158212168504135, 0.000922446595576605, 0.0009210296848323196, 0.0009162563731854172, 0.0009137158612036522, 0.0009153334396864813, 0.0009122208124677699, 0.0009209588036256715, 0.0009265878520270377, 0.0009162696868774892, 0.0009125305303279752, 0.0009238543710285153, 0.0009243080023647467, 0.0009185450124803719, 0.0009208106055416573, 0.0009219091308636423, 0.0009161715116572536, 0.0009143339662858995, 0.0009185905147330632, 0.0009217157463931536, 0.0009185476079627306, 0.0009126035903218551, 0.0009116719281565734, 0.0009177418531059901, 0.0009186458167006478], "val_loss": [0.007767436430042021, 0.0033988122319753623, 0.0018857805951388161, 0.0016563356165486191, 0.0017252963397798961, 0.0016533443382573559, 0.0017439415911978454, 0.0015045801598094649, 0.00476160544540586, 0.001571597345326537, 0.0016359098276313346, 0.0016161820083078439, 0.0014819445961237715, 0.0019910326428591936, 0.0020778597599449937, 0.0014864903055001235, 0.0013523740597424637, 0.0014122274042165373, 0.002372658226369439, 0.0024560255703698587, 0.0014311600675443372, 0.001560265887842673, 0.0013998691153430723, 0.001637506710578332, 0.0014320172344205755, 0.0015141390951229322, 0.0017661123592437147, 0.0017460362591679626, 0.0014914301362679045, 0.00175439871676836, 0.0019661130297065122, 0.00166530257985486, 0.0014706490294070374, 0.0014822081526577485, 0.0015710778602385147, 0.0017414823929644435, 0.0018570266076590326, 0.0014612286311986328, 0.0016201174544939452, 0.0015120867114762262, 0.001779690932859299, 0.0016054047932572615, 0.0017496330265681823, 0.0016227511431153336, 0.0016471228533957497, 0.0016416848015260736, 0.0016612874889305157, 0.001596349888897844, 0.0016970144376835762, 0.0015917807716170117, 0.0015515891453488668, 0.0016713135381379335, 0.0016229752261432097, 0.0015799413323341134, 0.0015824888574379177, 0.0016122678321392556, 0.001584978873851421, 0.001663821758579855, 0.001616828420944665, 0.0016154411497202666, 0.0016644319312993168, 0.0016013026234807178, 0.0016122982555029203, 0.0016098050565281148, 0.001589798437443709, 0.001598092504967721, 0.0015927458518586047, 0.0016094850260215982, 0.0016089520587755895, 0.0016046351412162614, 0.0016023111372640798, 0.0016012013118980623, 0.0015999430424448004, 0.0016004042338049896, 0.0016021032300302881, 0.0015990543130388495, 0.0015999674372946366, 0.0015993571561059646, 0.0015994775111673669, 0.0016008922945107578, 0.0016009525764897454, 0.001600310128675406, 0.0016002952029099873, 0.0016005211971213086, 0.001600398280635617, 0.0015992239625216155, 0.0015979408269087894, 0.0015981625672697862, 0.001599110432212719, 0.0015995224088998696, 0.0015989388380388079, 0.0015980630286273815, 0.0015996020123757741, 0.0015999272846353339, 0.0016001940370379568, 0.0016005772095492208, 0.0016019322643650842, 0.0016015243321530043, 0.0015997404854332625, 0.0016006433492485055], "val_rmse": [62.965890521302285, 41.58121788336727, 30.836844029618714, 29.030292343260278, 29.691782174718604, 29.07205299143352, 29.783013498744655, 27.84576881359738, 49.38050058363751, 28.205374520744602, 28.768785260610045, 28.56968975770585, 27.37865852051215, 31.738160817079198, 32.45006304765639, 27.477597631198243, 26.19894122830873, 27.086000594821233, 34.671971819941426, 35.25943018530202, 26.922890651184264, 28.12023071541699, 26.63375896675531, 28.76007062921884, 26.931003149976842, 27.699763834803832, 29.899862374591816, 29.72072154343666, 27.496111230726793, 29.784647792791255, 31.53972821009094, 29.0248443467914, 27.294216295106597, 27.396979439746183, 28.195821206272637, 29.675767624141272, 30.655042463157162, 27.20128960637712, 28.63031516223778, 27.663863932498316, 30.009506753785022, 28.503423117136848, 29.756998216740442, 28.65224123405314, 28.866126079945005, 28.82036544451629, 28.992362233372667, 28.423591851320776, 29.301745428493675, 28.380951244711433, 28.022815672986674, 29.078674934348367, 28.656156283925274, 28.27543858627296, 28.29828777188317, 28.562318363071256, 28.320266163755196, 29.013530863108187, 28.60183244716914, 28.589876573368915, 29.019096663945387, 28.464898159770286, 28.562059795568402, 28.540079411460997, 28.36300445955358, 28.436570640720507, 28.389196398770586, 28.53741675894014, 28.532651166990906, 28.49451915843313, 28.47393034817386, 28.464125156035227, 28.452934084340274, 28.457008461298358, 28.47204396592658, 28.445050723184362, 28.453171119882995, 28.447769222391916, 28.44883552407341, 28.461353534565625, 28.461886435937227, 28.456195562969565, 28.456069014702845, 28.458074416792833, 28.456987013091904, 28.446592382288294, 28.435236645849614, 28.437207029740872, 28.44558714849557, 28.44923671777889, 28.444075476054763, 28.436321661713517, 28.449943620193476, 28.452823610086902, 28.455181016120005, 28.45858271551451, 28.470557280038225, 28.466947965400923, 28.451148210092615, 28.45915105565508],