{"train_loss": [4.07202007983099, 0.009836396448971593, 0.0058012761531726405, 0.002407999086084173, 0.002311339910032556, 0.001938487998867298, 0.0016262698051172728, 0.0013607301927335998, 0.0011671652752613905, 0.0009208519751315608, 0.0009343313902397366, 0.0009816400375783298, 0.001263378460791108, 0.0009625008279530733, 0.001068398327904516, 0.0008591648987859633, 0.0007400268588361202, 0.0007955576738287859, 0.0006390993184336991, 0.000600209153786886, 0.0006346596409475394, 0.0006334842399547936, 0.0006239786784064171, 0.0005889404405310165, 0.0005716574709296372, 0.0005468856206611164, 0.000578516369512049, 0.0005373303822981304, 0.0005448017333287234, 0.0005330561224243366, 0.0005375579034900476, 0.0005442966409164536, 0.000544362382474812, 0.0005473265813563165, 0.0005518524461270621, 0.0005224539861813479, 0.000526428754514485, 0.0005398709909059107, 0.0005303878370243326, 0.000515532163976162, 0.0005256477503708619, 0.0005376899167530093, 0.0005257941055449419, 0.0005330811054947987, 0.0005137534685405519, 0.0005104882276260897, 0.0005306948949902446, 0.0005200999108709249, 0.0005363610153104745, 0.0005254091206463237, 0.0005211342747012774, 0.0005162799218441269, 0.0005242626243225281, 0.0005177718652275336, 0.0005230235818125235, 0.0005136917764092705, 0.0005191011815423183, 0.0005297795116134427, 0.0005296420644941356, 0.0005190642425041719, 0.0005299209659307392, 0.0005240988918790119, 0.0005183856844144198, 0.0005143389326072865, 0.0005169066848169428, 0.000526508638251792, 0.0005356998173702581, 0.0005085534888648373, 0.0005197397287131525, 0.0005165626632743606, 0.0005160338894747125, 0.0005298987146256966, 0.0005106496768455734, 0.0005186218397427059, 0.0005353193070429066, 0.000524608012603815, 0.0005303542369374019, 0.0005176933870340387, 0.0005139287723246597, 0.0005283835726360991, 0.0005195758581691075, 0.000523984477302863, 0.0005188140705428726, 0.0005111262029922549, 0.00051403223587127, 0.0005160384370908872, 0.0005217726501024456, 0.0005291770982747788, 0.0005452498204677421, 0.0005062776161175148, 0.0005188788762133496, 0.0005301974797119186, 0.000511947328192821, 0.0005231389551030874, 0.0005239770746579868, 0.0005288521140612954, 0.0005189252871216513, 0.0005244031102241328, 0.0005180401003956064, 0.0005330508255271935], "val_loss": [0.01829430468690892, 0.0016073895668442775, 0.001418955453522762, 0.001501271565050249, 0.0017871223002051313, 0.001641297646630038, 0.004249619672514705, 0.00231725865321803, 0.0012722472181647187, 0.0008727098591205302, 0.0012438527909479388, 0.004158965764670736, 0.0018003198492806405, 0.001251882158612716, 0.0010132210518349893, 0.0017072867865661262, 0.0031824930855590436, 0.0016712170719175548, 0.0017612551633242725, 0.0013476365832805943, 0.0009882426897497175, 0.003274121874710545, 0.0014454675854520043, 0.0018791830027314266, 0.0016433609368201967, 0.002037076649786387, 0.0013564907769452678, 0.0013467444195056385, 0.0015033169628521944, 0.001354233756299234, 0.0013738761521785313, 0.0013008449184578946, 0.00136352569178497, 0.0014020554202337128, 0.0013564815239482818, 0.0012328198030849712, 0.0013478347088190883, 0.0010175915704166982, 0.0012004314913711925, 0.0011320371235746683, 0.0013512845006415672, 0.0013840463976117058, 0.0012394322261065503, 0.0013774349903946535, 0.001272624651594217, 0.0011969654426340843, 0.0012862113726441748, 0.0012434735844079922, 0.0013631065679267824, 0.0013131474422860062, 0.0012440566040620776, 0.0012685978856299901, 0.00136317205194953, 0.0012775909437752692, 0.0012821325476074384, 0.0012627524997191762, 0.0012748185763484798, 0.001259725012156802, 0.0012556725907618077, 0.0012439128287143023, 0.0012583500105797106, 0.0012646267370857662, 0.0012652282760730789, 0.0012663219571954364, 0.0012700517860745701, 0.001281098963469655, 0.0012693181658202473, 0.0012720526930125845, 0.0012760053957915967, 0.001270571471751383, 0.001270802975341212, 0.0012719391807978456, 0.0012711216372230814, 0.0012710081460277757, 0.0012744319675322105, 0.001270922168866188, 0.0012736705017838783, 0.0012737014702805835, 0.001276537654727387, 0.0012768515185194297, 0.0012730939229691608, 0.0012702422908559027, 0.0012588198773705193, 0.0012649359531577728, 0.0012655668389116828, 0.001264389945491631, 0.00126024452967815, 0.0012612678029755545, 0.0012628367072061843, 0.0012648488199273641, 0.0012625874741287488, 0.0012625409043620392, 0.0012663032604096872, 0.0012620308738809803, 0.0012653138199109687, 0.0012681285224971361, 0.0012657423257122799, 0.0012680245636147447, 0.001269942632562662, 0.0012703489353750935], "val_rmse": [96.53720845967891, 28.64422095367526, 26.909089934327955, 27.686953295956926, 30.207596749281254, 28.951829563234753, 46.5636115639133, 34.39389218067559, 25.489055603658723, 21.11063849383025, 25.197951654412805, 46.069350003724004, 30.312777865994484, 25.257695300145656, 22.745719087696617, 29.523745532926014, 40.2914855595292, 29.207674622193693, 29.981499626006347, 26.22745846697157, 22.461968726327175, 40.870373758651574, 27.160871702877216, 30.965502833357256, 28.959124993862577, 32.24050172022568, 26.31093884546288, 26.218051614655693, 27.695465664245024, 26.28933645845367, 26.47961217313886, 25.764517534188975, 26.378561204336705, 26.749256159342544, 26.31127172942295, 25.083470273409763, 26.226484537789993, 22.78979499379876, 24.751694129992142, 24.03631895499496, 26.260306523924445, 26.576701167034916, 25.150582872920783, 26.512957014419147, 25.484528279735237, 24.716079432618987, 25.62020367650853, 25.1911394315417, 26.37432657982119, 25.88685520608746, 25.19703482485278, 25.444356608158223, 26.375142318558563, 25.5341819097613, 25.579437389972046, 25.385569208182776, 25.506500014089546, 25.35514829224777, 25.31434213975844, 25.195589872504225, 25.34133316350792, 25.40442413488249, 25.41048261944517, 25.421462043357675, 25.458861433463227, 25.56928728276245, 25.451512331892356, 25.478894643716885, 25.51841878458822, 25.46405847318493, 25.46637738181709, 25.47775195590385, 25.469573174963962, 25.46843725843262, 25.50269378196583, 25.467570908289428, 25.49507482499377, 25.495381254886762, 25.523737611106743, 25.526870034338327, 25.489307031561662, 25.460756510172917, 25.346095568092437, 25.407553251091127, 25.413888381281797, 25.402085154092788, 25.36043517693025, 25.370725375020076, 25.386481633086362, 25.40668602600935, 25.38397388848117, 25.38351102262919, 25.42128077248039, 25.378382866024605, 25.411350915901615, 25.439579009405428, 25.415654730325045, 25.438547323725196, 25.45776220035846, 25.461835238468918],