{"train_loss": [0.17511294080470582, 0.040946667641579025, 0.0037897051814570312, 0.0010693074351324139, 0.0008163224089933374, 0.0005922733114246734, 0.000444542363280242, 0.00040806175370874834, 0.0003001512951268246, 0.0003053222162842765, 0.0002671530936135491, 0.00031072930886076036, 0.00027535602308517384, 0.00028390115697824624, 0.00025585735420463607, 0.0002736958725851577, 0.00025801048301940586, 0.00025991349143241816, 0.00021224936096260737, 0.0002002439811338763, 0.00021205760898710164, 0.00019348020830750644, 0.00018848130536773988, 0.00019233913239951865, 0.00016393310657346032, 0.00016460186771969382, 0.00017028166901943175, 0.00016410133054587484, 0.00015249925082703192, 0.00015376592167712683, 0.00015581448087339888, 0.00015052486560307443, 0.0001455382463681771, 0.0001475864256594867, 0.0001503529510816705, 0.00014888682912653917, 0.00014373582640293104, 0.00014284823084783737, 0.00014353888175420938, 0.00014208863024557194], "val_loss": [0.04877313037526288, 0.00950165614177546, 0.0021502174837141038, 0.0002740840727400692, 0.0006196587291717813, 0.0004063239216727445, 0.0004112501648850494, 0.0003972675062093665, 0.00023860835164542365, 0.00028010429855837316, 0.00021541403632693604, 0.0003985993167299801, 0.00024107112240430567, 0.00018406119206753664, 0.00039141816654881205, 0.0003167350799292928, 0.0002041399938813077, 0.00034433603361156366, 0.00032226265277947937, 0.0001537109543794783, 0.00036734507547852115, 0.00040191456376316057, 0.0002179588041092922, 0.00019735820830068076, 0.0002466278296434542, 0.00024759961820370273, 0.0001887019999587251, 0.00020843605104142233, 0.000262709057895514, 0.00033621185502464743, 0.0002302074193571777, 0.00021572571513672756, 0.00025624803433030053, 0.00025406650004811127, 0.00018566546245776553, 0.00021250454233591074, 0.00019823826724518767, 0.00018888006352374924, 0.00021398408525964317, 0.00019848021497120334], "val_rmse": [109.67444277696377, 49.253274101988644, 23.489828302722994, 8.33348658102906, 12.377272272051075, 10.206198540468481, 10.144232297890966, 9.928833067093976, 7.697705697423771, 8.374145464216594, 7.378103346835285, 10.050094254844081, 7.7068619707081085, 6.838145290798259, 9.857597759167442, 8.987450645427986, 7.174078309941143, 9.366726492513106, 8.906644471116117, 6.2831739828746, 9.540272528956278, 9.992969711980058, 7.432382570141645, 7.047055802489323, 7.872784741977, 7.863246078147246, 6.901777519484876, 7.2711166137191565, 8.146449489331323, 9.197697177109953, 7.63512111645196, 7.399406264946564, 8.069070666949363, 8.013965814207662, 6.881640192622879, 7.337800688163244, 7.094976512394229, 6.921929283876449, 7.365378876864099, 7.0990631774936945], "val_mae": [90.16121673583984, 39.95335006713867, 19.10070037841797, 6.316187381744385, 10.62777042388916, 8.680118560791016, 7.904487609863281, 8.589818000793457, 5.703955173492432, 6.901261329650879, 5.582401275634766, 8.90639591217041, 5.70162296295166, 5.287520408630371, 7.893643856048584, 7.568394184112549, 5.159800052642822, 8.123069763183594, 6.811184406280518, 4.522486209869385, 7.142144203186035, 7.63161039352417, 6.316600322723389, 5.198156833648682, 6.171295166015625, 5.9989237785339355, 5.250109672546387, 5.885981559753418, 6.740872383117676, 7.554196834564209, 6.143636226654053, 5.738161563873291, 6.522342205047607, 6.463422775268555, 5.160164833068848, 6.026302337646484, 5.573452472686768, 5.402271747589111, 5.778763294219971, 5.510140419006348], "val_r2": [-6.318092346191406e-05, 0.7983088493347168, 0.9541249871253967, 0.9942260980606079, 0.987263023853302, 0.9913394451141357, 0.9914442896842957, 0.991803765296936, 0.9950734972953796, 0.9941695928573608, 0.995474100112915, 0.99160236120224, 0.9950617551803589, 0.9961122870445251, 0.9919209480285645, 0.9932843446731567, 0.9957209229469299, 0.9927055835723877, 0.9934045672416687, 0.9967177510261536, 0.9924327731132507, 0.9916975498199463, 0.995407223701477, 0.9958711266517639, 0.9948468208312988, 0.9948593378067017, 0.996039628982544, 0.995604395866394, 0.9944823384284973, 0.9929664731025696, 0.9951532483100891, 0.9954479336738586, 0.994586706161499, 0.9946603775024414, 0.996062695980072, 0.9955233931541443, 0.9958148002624512, 0.9960164427757263, 0.9954896569252014, 0.9958099722862244]}