{"train_loss": [0.07340964762394438, 0.023286878036687022, 0.0019197174603873082, 0.0010100950467851696, 0.000705322555092142, 0.000870836075557083, 0.0006670090461523941, 0.0009310386172062113, 0.000704880824818219, 0.0006666014586705964, 0.0006475219886171461, 0.0005735314926816833, 0.0006992581084602556, 0.0006240936679781579, 0.0006610616440738139, 0.0007773474844031299, 0.0004074862662845874, 0.0004835786125293883, 0.0004522507190584376, 0.0004584708129200651, 0.00036829277925914906, 0.0003732227101475036, 0.0003702283984864173, 0.00039390886838073337, 0.00036819108975349167, 0.0004010468838360509, 0.0004012913902810924, 0.00038597513887123026, 0.00034428045696482056, 0.0003246170371319416, 0.00031093113731552014, 0.00033332869064601366, 0.00030620791455010976, 0.00031497878697212033, 0.00029802128513972806, 0.00030005800471448284, 0.00029436378404969096, 0.00029638163448366485, 0.00029075088774570344, 0.0002876742298511312, 0.00028691920889488187, 0.00028443756503966557, 0.00028165545290556403, 0.0002862077098289142], "val_loss": [0.05096674859946275, 0.007571031809096563, 0.002714087548569792, 0.002128909829841839, 0.0033649317794325643, 0.0007392904080451113, 0.0010229611025481104, 0.0008101229206028455, 0.0006571445878013161, 0.0010255245273097817, 0.001983712989109356, 0.0005080346717340427, 0.001174313347812534, 0.0009540721700757745, 0.0014009322570803886, 0.0007994778612989896, 0.001023611985560406, 0.0015121732922022022, 0.0011558982698819489, 0.0008250576070116205, 0.0007365327160677928, 0.0014494197444037127, 0.0011020529753590256, 0.00048706724035696425, 0.0010218445173729212, 0.001111634867640987, 0.0006085636115823366, 0.0009932910261030966, 0.0005254754694099327, 0.0014168543651490754, 0.0009842123442715754, 0.001573504403216413, 0.0008260555601318422, 0.0007518753147027465, 0.0007040745020183501, 0.0008800961532839127, 0.0009330889467688311, 0.0011000452748713872, 0.0008842442998684419, 0.0008319260239721353, 0.0008148684824246546, 0.0008844054968077133, 0.0008103747135547482, 0.001008466062868055], "val_rmse": [112.74128638724147, 43.981105562325, 26.396388922436554, 23.31335742181601, 29.28530917535435, 13.77626608345485, 16.204566707497438, 14.402657348430152, 12.96938475009121, 16.207816905969228, 22.49357479331424, 11.38578737614596, 17.35281734403352, 15.456231617868417, 18.914672387936534, 14.294626061164232, 16.13000694430841, 19.592862974588876, 17.139660873352064, 14.508204802517673, 13.710773903938533, 19.198414832482346, 16.778116342077297, 11.173584195084782, 16.1394479771106, 16.824810526944372, 12.496491206753548, 15.934507799689307, 11.60955243597581, 19.005306908172468, 15.813979249299198, 20.02849456355674, 14.498709259462709, 13.826039854266218, 13.395983056892348, 14.977382647405284, 15.42185026435453, 16.753819272186213, 15.024912681897117, 14.599598270271697, 14.43268825390388, 15.041216363621182, 14.39342399489694, 16.04679322337975], "val_mae": [90.905517578125, 41.9754638671875, 22.091978073120117, 21.260663986206055, 27.256399154663086, 11.353026390075684, 12.388482093811035, 12.93289852142334, 11.311773300170898, 13.05831527709961, 17.985088348388672, 8.189946174621582, 11.381669044494629, 12.062524795532227, 17.029672622680664, 11.825507164001465, 15.030887603759766, 17.185338973999023, 14.818831443786621, 13.205009460449219, 12.052658081054688, 17.41990852355957, 15.379504203796387, 9.006936073303223, 14.410077095031738, 14.370652198791504, 11.315165519714355, 14.177145957946777, 9.934952735900879, 17.31735610961914, 13.588948249816895, 18.15450668334961, 12.19056510925293, 11.382259368896484, 11.740099906921387, 13.321434020996094, 13.775931358337402, 15.591363906860352, 13.507031440734863, 13.390954971313477, 13.11176586151123, 13.870442390441895, 12.997108459472656, 14.747347831726074], "val_r2": [-0.05677509307861328, 0.8391767144203186, 0.9420697093009949, 0.954811692237854, 0.9286956191062927, 0.9842209815979004, 0.9781681299209595, 0.9827534556388855, 0.9860152006149292, 0.9781593680381775, 0.957933783531189, 0.9892218708992004, 0.9749644994735718, 0.9801379442214966, 0.9702549576759338, 0.9830112457275391, 0.9783685207366943, 0.9680837392807007, 0.9755757451057434, 0.9824997782707214, 0.9843706488609314, 0.9693558812141418, 0.9765952825546265, 0.9896199107170105, 0.9783432483673096, 0.9764648675918579, 0.987016499042511, 0.9788897037506104, 0.9887940883636475, 0.9699692130088806, 0.9792078733444214, 0.9666486382484436, 0.9825226664543152, 0.9841067790985107, 0.9850801229476929, 0.9813495874404907, 0.9802262187004089, 0.9766630530357361, 0.9812310338020325, 0.98227858543396, 0.9826814532279968, 0.9811902642250061, 0.9827755689620972, 0.9785911440849304]}