{"train_loss": [0.21308460903998752, 0.005906144654055914, 0.002317763838576726, 0.0013559822225943207, 0.0009573137683149141, 0.0008208867686334998, 0.0006407290062410398, 0.0006248951566633947, 0.0004735913415061077, 0.0004560709104295641, 0.00045733954880583603, 0.0004788178765570942, 0.0005015758569173228, 0.00032355117660839684, 0.0003248364478237748, 0.0003371917715972254, 0.00032914042626194155, 0.00031198191315455075, 0.00034104360389532163, 0.00026925560836948883, 0.00027790867190140907, 0.0002866254527851617, 0.0002809718480141153, 0.00025575802663717275, 0.0002530222381420362, 0.0002619462405933658, 0.0002587523355731929, 0.0002476557797658293, 0.000247555065232938, 0.00024622190691074, 0.0002456646926405553, 0.00023600968365476897, 0.00024024185348445407, 0.00023971017474720541, 0.00023939070720538998, 0.00023713474953323245, 0.00023375813638827262, 0.00023466515911143058, 0.00023196637694826886, 0.00022858480728106, 0.00022818644843377675, 0.0002335892054991116, 0.0002293017181867841, 0.00022832251662083974, 0.0002299912541415184, 0.00023118633269824876, 0.00022419324965225175, 0.00022817429453425575, 0.00022705467871184318, 0.0002259870482073613, 0.00022597499082621653, 0.00022422630964473892, 0.00022873613320720883, 0.00022671643197939444, 0.00022651773581926067], "val_loss": [0.04695327901605907, 0.01286911967527603, 0.004916259506407887, 0.0020189431777322465, 0.0009912371802841533, 0.0017595920383313172, 0.0009349790184126181, 0.0014340384878496165, 0.0004509447494900547, 0.0025154446064062676, 0.003001896529748665, 0.0010985503509779856, 0.0008395257181390839, 0.0005003667050229639, 0.0004242672224642053, 0.0004901284867905449, 0.0006199698741276169, 0.0011372578685887706, 0.0009754942063080244, 0.001608253032064494, 0.0007026295110618179, 0.0006693172368965401, 0.0008936620180776671, 0.0008347615405638088, 0.00045413601202491774, 0.0006173879906709353, 0.0005166665314182059, 0.0005452765623217027, 0.0006459319656955656, 0.0007182942725810936, 0.0005865394270335072, 0.0006519589371613431, 0.0006065276285682202, 0.0006033793674328864, 0.0007333701026793236, 0.0006812053361970577, 0.0005640313256506112, 0.000682258322520848, 0.0006630355914051601, 0.0006152468297687356, 0.000689439715282286, 0.0007596954230561012, 0.0006429288556925409, 0.0007123941478082203, 0.0006503015173903208, 0.000691463608411308, 0.0006292984748477299, 0.000742087711057985, 0.0006899274161613036, 0.0007049794108940565, 0.0007158453225139087, 0.0006696408277982311, 0.0006978269830090111, 0.0006743940618393047, 0.0007002531489742142], "val_rmse": [109.61490207910829, 57.11698606943691, 35.26162333299653, 22.674643664940607, 15.927664800008987, 21.167501277939316, 15.422604683693743, 18.98452047912366, 10.737786030096009, 25.254872673407007, 27.5246848550022, 16.70288017243396, 14.604478833630221, 11.272643972743506, 10.380959143746816, 11.176760500286374, 12.51471180150024, 16.839670228606114, 15.699808224035234, 20.131949983949642, 13.318531657899115, 12.954610373594438, 14.989798573673259, 14.546108729650163, 10.720205135944846, 12.48074077852991, 11.422182259034118, 11.721540032454007, 12.768006418977047, 13.443547081402393, 12.159115960963135, 12.81152459130121, 12.349384345025944, 12.32317869026602, 13.572004090919856, 13.09656925850329, 11.921293271972097, 13.107585289223099, 12.914912607190464, 12.443345119723823, 13.16992984043397, 13.820616119827676, 12.725332295513937, 13.389075742677838, 12.78859359823054, 13.189048640001307, 12.587135868809982, 13.664308732236798, 13.175301211422786, 13.314752092735922, 13.419014356094209, 12.980388226691257, 13.247776060782453, 13.025266888422994, 13.272674736213508], "val_mae": [94.00396728515625, 49.556129455566406, 31.601606369018555, 17.83663558959961, 10.823637962341309, 19.826051712036133, 14.353092193603516, 17.52414894104004, 8.753924369812012, 23.79994010925293, 25.690776824951172, 15.602171897888184, 13.511180877685547, 9.681802749633789, 7.037854194641113, 7.2322611808776855, 10.556520462036133, 13.890974044799805, 14.484332084655762, 18.426692962646484, 11.699609756469727, 9.732328414916992, 12.061086654663086, 13.217982292175293, 8.330262184143066, 10.420455932617188, 9.300065040588379, 9.146699905395508, 10.473189353942871, 10.812835693359375, 9.796915054321289, 10.354771614074707, 9.445477485656738, 9.297579765319824, 10.577191352844238, 10.342122077941895, 9.271117210388184, 10.468911170959473, 10.37666130065918, 9.522090911865234, 10.378698348999023, 11.272411346435547, 10.159567832946777, 10.838354110717773, 10.008694648742676, 10.574057579040527, 10.042678833007812, 11.121540069580078, 10.529645919799805, 10.699210166931152, 10.84354305267334, 10.365241050720215, 10.497464179992676, 10.32093334197998, 10.67164134979248], "val_r2": [-0.01639580726623535, 0.7240347862243652, 0.8948211669921875, 0.956508457660675, 0.9785400629043579, 0.9620979428291321, 0.9798794984817505, 0.969512403011322, 0.9902466535568237, 0.9460471868515015, 0.9359132051467896, 0.9764003157615662, 0.9819575548171997, 0.9892508387565613, 0.9908841252326965, 0.9894329309463501, 0.9867515563964844, 0.9760121703147888, 0.9791496992111206, 0.9657157063484192, 0.9849950075149536, 0.9858037829399109, 0.9809929132461548, 0.9821014404296875, 0.9902786016464233, 0.9868233799934387, 0.9889637231826782, 0.9883776903152466, 0.9862098097801208, 0.9847119450569153, 0.9874937534332275, 0.9861156344413757, 0.987099289894104, 0.987153947353363, 0.9844183921813965, 0.9854909777641296, 0.9879781603813171, 0.9854665398597717, 0.9858906865119934, 0.9869022369384766, 0.985327959060669, 0.9838423132896423, 0.986301839351654, 0.9848356246948242, 0.9861653447151184, 0.9852853417396545, 0.9865977764129639, 0.9842057228088379, 0.9853159785270691, 0.9850034713745117, 0.984767735004425, 0.985747218132019, 0.9851539731025696, 0.985648512840271, 0.985098123550415]}