Function,SSA_Mean,SSA_Best,SSA_Std,FDAL_Mean,FDAL_Best,FDAL_Std
F1_Sphere,0.0005038396152735748,0.00017097368619936346,0.0003254869805840811,4.149335832110786e-08,1.8183794899176669e-09,3.189495853746929e-08
F2_Schwefel_222,0.0371406279067388,0.012585536635395016,0.010724121173730124,0.014700170774154876,9.216271860454909e-05,0.010370879694067745
F3_Ackley,0.02042635126200804,0.009592913370032097,0.006080064454504179,0.003216068168470058,3.780347027815267e-05,0.00322628061296107
F4_Rastrigin,102.06462282966473,25.354395147584647,41.19104218402544,21.703312765330683,0.055190502136735375,8.438551714555343
