{
  "Informer": {
    "rmse": 5.153226023482444,
    "mae": 4.099982738494873,
    "r2": 0.9973794221878052
  },
  "LSTM": {
    "rmse": 2.8175403782304493,
    "mae": 1.9312326908111572,
    "r2": 0.999216616153717
  },
  "GRU": {
    "rmse": 2.2638510237363496,
    "mae": 1.7888787984848022,
    "r2": 0.9994942545890808
  },
  "PatchTST": {
    "rmse": 4.987294457198975,
    "mae": 4.043193340301514,
    "r2": 0.9975454807281494
  },
  "iTransformer": {
    "rmse": 7.298221047388395,
    "mae": 6.414395809173584,
    "r2": 0.994743824005127
  },
  "FEDformer": {
    "rmse": 4.434931696867922,
    "mae": 3.6764159202575684,
    "r2": 0.998059093952179
  },
  "TimeXer": {
    "rmse": 3.485738718340292,
    "mae": 2.741199493408203,
    "r2": 0.9988009929656982
  }
}