{"train_loss": [1.8070930128850058, 0.003656724287588367, 0.0010157862122366313, 0.0009531102172445129, 0.0008504649827842046, 0.0008512380648882705, 0.0006308233481378871, 0.000492686187782314, 0.0005273094082206799, 0.00043895375702651543, 0.00036458497160795625, 0.00039200442218029663, 0.0003488571794419586, 0.0004130155102898827, 0.00018919048052197794, 0.00019563546341731564, 0.000214317917106048, 0.00022824458268417612, 0.0002661622573865273, 0.000235302896843136, 0.00023477877020710853, 0.0002251312262974299, 0.000170357401685695, 0.00017506815139217854, 0.0001739925177290434, 0.0001712198131278353, 0.00016651306047008269, 0.00016695405979996823, 0.00015922498711247126, 0.00016185700028667276, 0.00015120338432260714, 0.00014792191874709684, 0.00015050498689416115, 0.0001482833815267009, 0.0001444323944174304, 0.0001431183292370123, 0.0001440933817890672, 0.0001452198636377002], "val_loss": [0.006299212109255212, 0.0022960019871175593, 0.0006326384629024095, 0.0012892429994661692, 0.0028302058452154173, 0.0017599488521629484, 0.00032733676432652043, 0.000312955341256426, 0.0003657396311482867, 0.0003123972726741137, 0.00042919895205941855, 0.0003420679047341637, 0.0003978601630373051, 0.0004050994523632378, 0.0002694264672162569, 0.0003961186029892963, 0.0003049743498427973, 0.00022071873250794407, 0.0005149431505668512, 0.0002562758522270637, 0.00043622666745451105, 0.0002397313292867905, 0.00029719322794842935, 0.0004041119162979538, 0.0003648418663265887, 0.0004328473867983205, 0.0005054271575296974, 0.00048669509648556584, 0.0003299829192423373, 0.00034869219962274656, 0.00038359136836989754, 0.00045566943685894015, 0.0003920463426935427, 0.00040382682565778366, 0.0003558948646545908, 0.00036321048275229174, 0.00040808823676047193, 0.00036614489232137163], "val_rmse": [39.99600047143386, 24.108123094116923, 12.693274475837404, 18.136961469272922, 26.6642593568766, 21.19906723561573, 9.139942632783118, 8.934474192786194, 9.663722236582563, 8.907500169247077, 10.455262562881387, 9.321418332082285, 10.046973718896806, 10.142820523232377, 8.291495725572528, 10.030641911694612, 8.820017969368344, 7.507708847489484, 11.467629692387122, 8.088188941537155, 10.55273274829943, 7.82357076931752, 8.712458702657237, 10.157280596749, 9.634628434116001, 10.490336376284493, 11.320927805267125, 11.128934700187397, 9.176938584420546, 9.430844416912816, 9.896429061358642, 10.78720574005255, 9.996405146087595, 10.142477891919999, 9.525575443216754, 9.626537646048098, 10.203950483452475, 9.665232409481774], "val_mae": [36.04808807373047, 20.637834548950195, 10.023138046264648, 12.386308670043945, 24.299970626831055, 18.4562931060791, 5.9289045333862305, 5.708711624145508, 6.086362361907959, 6.490486145019531, 8.838316917419434, 6.751224994659424, 7.8517913818359375, 8.206666946411133, 6.206788063049316, 8.159566879272461, 6.6887125968933105, 5.479649543762207, 9.093281745910645, 6.35438346862793, 7.9622063636779785, 6.0478596687316895, 6.837932109832764, 7.808807373046875, 8.022817611694336, 8.765426635742188, 9.360562324523926, 9.395426750183105, 7.728844165802002, 7.975569248199463, 7.974017143249512, 8.407379150390625, 8.44355297088623, 8.582291603088379, 8.10794734954834, 8.079829216003418, 8.48946762084961, 8.216702461242676], "val_r2": [0.862418532371521, 0.9500133991241455, 0.9861428141593933, 0.9717084765434265, 0.9388514757156372, 0.9613490104675293, 0.9928151965141296, 0.993134617805481, 0.9919681549072266, 0.9931759834289551, 0.9905984997749329, 0.9925270676612854, 0.9913184642791748, 0.9911519885063171, 0.9940872192382812, 0.9913466572761536, 0.9933093786239624, 0.9951522350311279, 0.9886897206306458, 0.994373619556427, 0.9904224276542664, 0.9947357177734375, 0.9934715628623962, 0.9911267757415771, 0.9920164346694946, 0.990535318851471, 0.9889772534370422, 0.9893479347229004, 0.9927569031715393, 0.9923505783081055, 0.9915766716003418, 0.989992082118988, 0.9914056062698364, 0.9911525845527649, 0.9921961426734924, 0.9920298457145691, 0.9910450577735901, 0.991965651512146]}