Function,SSA_Mean,SSA_Std,SSA_Best,ISSA_Mean,ISSA_Std,ISSA_Best
F1_Sphere,0.0005038396152735748,0.0003254869805840811,0.00017097368619936346,0.0012753704739074706,0.0006448956492319216,0.00045732512956371345
F2_Rosenbrock,28.168538143601943,0.31351827853413666,27.579059440249573,28.253496062122768,0.3087281002546338,27.659926010670155
F3_Ackley,0.02042635126200804,0.006080064454504179,0.009592913370032097,0.031240374200645103,0.008951254464441198,0.017724792950521095
F4_Rastrigin,107.2977448617001,35.22451323156363,47.19008029179248,21.307336105723234,7.652328831664887,6.630542043210436
