{"train_loss": [8.679975337535144, 0.9871893376111984, 0.5368400648236274, 0.5430498793721199, 0.5905688121914864, 0.45537351816892624, 0.46597008034586906, 0.4317402675747871, 0.4052575118839741, 0.36960344165563586, 0.31945020258426665, 0.3635170716792345, 0.34584347531199455, 0.39068169221282006, 0.2907213941216469, 0.3508120469748974, 0.4889459475874901, 0.392250245064497, 0.27772159725427625, 0.2904650069773197, 0.3249168131500483, 0.4981516424566507, 0.3007494959980249, 0.40753155052661894, 0.3195853605866432, 0.3852363795042038, 0.2865359172224998, 0.2559874415397644, 0.24809274449944496, 0.3696727991104126, 0.3445593327283859, 0.5149881973862648, 0.40075116902589797, 0.2880451031029224, 0.23168770559132099, 0.2461560569703579, 0.24615350738167763, 0.22962660752236844, 0.21154293343424796, 0.3561744099482894, 0.23353025391697885, 0.2878732915967703, 0.2629946660250425, 0.20984720215201377, 0.22685835883021355, 0.1766224317252636, 0.1800788961350918, 0.20584600269794465, 0.23456141948699952, 0.19668020792305468, 0.2437883336097002, 0.22957953177392482, 0.18322325684130192, 0.1813998304307461], "val_loss": [2.7830672040581703, 0.22690239804796875, 1.150216780602932, 0.12879068737237276, 0.41767448280006647, 0.0728245554064415, 0.05392337192984087, 0.10324532928643748, 0.07678005751222372, 0.007006647551747847, 0.010425059619592503, 0.009541891791741364, 0.06428793372887753, 0.002796053660858888, 0.11769164233598761, 0.02251105639152229, 0.08400267735123634, 0.030476455709788297, 0.011415614476391056, 0.0006648067228525179, 0.017285658046607706, 0.0034077836762662628, 0.03741096065672567, 0.009667605234426446, 0.0009770727733666718, 0.09077664378233408, 0.004580294713377953, 0.0077475183352362365, 0.12166443022725426, 0.024694466032087803, 0.0007293686232685559, 0.00010730207122833235, 0.09079840656081117, 0.0029620393112281818, 0.00039046086487815046, 0.0017724597237247508, 4.9956927455241384e-05, 0.00024531351118639577, 1.4572832471347955e-07, 3.414678906210611e-05, 1.971142950196736e-06, 0.0010200883565971708, 6.438921991502866e-05, 0.003153897784613946, 1.8844636585413355e-05, 9.27382065896154e-06, 1.3050828382432655e-06, 0.003910713615823624, 0.00011416413871501163, 0.000174131565373159, 7.853930932100184e-05, 3.6226936686034605e-06, 0.0002439674277709969, 2.3750829569735288e-06], "val_acc": [0.23076923076923078, 0.978021978021978, 0.3120879120879121, 0.9868131868131869, 0.7582417582417582, 0.9824175824175824, 0.9824175824175824, 0.9978021978021978, 0.9758241758241758, 1.0, 1.0, 0.9978021978021978, 1.0, 1.0, 1.0, 0.9934065934065934, 0.9758241758241758, 1.0, 1.0, 1.0, 1.0, 1.0, 1.0, 1.0, 1.0, 1.0, 1.0, 1.0, 0.9164835164835164, 1.0, 1.0, 1.0, 1.0, 1.0, 1.0, 1.0, 1.0, 1.0, 1.0, 1.0, 1.0, 1.0, 1.0, 1.0, 1.0, 1.0, 1.0, 1.0, 1.0, 1.0, 1.0, 1.0, 1.0, 1.0], "val_f1": [0.33962264150943394, 0.9418604651162791, 0.36511156186612576, 0.9659090909090909, 0.6232876712328768, 0.9540229885057471, 0.9540229885057471, 0.994475138121547, 0.935672514619883, 1.0, 1.0, 0.994475138121547, 1.0, 1.0, 1.0, 0.9832402234636871, 0.935672514619883, 1.0, 1.0, 1.0, 1.0, 1.0, 1.0, 1.0, 1.0, 1.0, 1.0, 1.0, 0.8272727272727273, 1.0, 1.0, 1.0, 1.0, 1.0, 1.0, 1.0, 1.0, 1.0, 1.0, 1.0, 1.0, 1.0, 1.0, 1.0, 1.0, 1.0, 1.0, 1.0, 1.0, 1.0, 1.0, 1.0, 1.0, 1.0], "val_auc": [0.9567986958096848, 0.9346697258785172, 0.9780823572032363, 0.9864750633981403, 0.9971621784808599, 1.0, 1.0, 1.0, 1.0, 1.0, 1.0, 1.0, 1.0, 1.0, 1.0, 1.0, 1.0, 1.0, 1.0, 1.0, 1.0, 1.0, 1.0, 1.0, 1.0, 1.0, 1.0, 1.0, 1.0, 1.0, 1.0, 1.0, 1.0, 1.0, 1.0, 1.0, 1.0, 1.0, 1.0, 1.0, 1.0, 1.0, 1.0, 1.0, 1.0, 1.0, 1.0, 1.0, 1.0, 1.0, 1.0, 1.0, 1.0, 1.0]}