{"train_loss": [2.357592633890454, 0.00341281515877479, 0.002158005951339594, 0.0017505491056139222, 0.0009019944611981583, 0.0009405618293945176, 0.0007409726913185575, 0.000616201746967048, 0.0005253773450721593, 0.0005606610551274991, 0.000524750143757466, 0.00038141546957866433, 0.00036436763106254287, 0.00035780779994988387, 0.0004253155533940746, 0.00033702514713065913, 0.00034845059372645877, 0.0003743124408244442, 0.00020270994229157132, 0.00020008130388585134, 0.0002112845720358354, 0.00025657848785228383, 0.0002253111005232383, 0.0001632275912505485, 0.00016622529214006275, 0.00016559916416903993, 0.0001670124169882351, 0.00014411280795824355, 0.00015402018417752026, 0.0001497187760833185, 0.00013838088192502394, 0.00015749135857801705, 0.00014699268257782722, 0.00013308102292145261, 0.0001389726724972626, 0.00013357785624416114, 0.00014056928792762426, 0.00012941503348254347, 0.000131700140963613, 0.00013422175870800857, 0.00013190840498002496, 0.00012531479237972795, 0.00012554895256471353, 0.00012501850959289676, 0.0001302109195351547, 0.00012662486828608402, 0.0001270440369878018, 0.00012667563488111437, 0.0001236315437731369, 0.00012358882130893806, 0.00012485607910023717, 0.00012421973554480175, 0.00012275716116374286, 0.00012308610373740802, 0.00012240588730492164, 0.00012224130458399977, 0.00012166591463588142, 0.00012373353436907146, 0.00012281327886180056, 0.00012251233783899806, 0.00012405227996798484, 0.00012302337753890941, 0.0001230033710061644, 0.00012307848852427785], "val_loss": [0.005605022761259555, 0.004309741156353032, 0.002410977110408023, 0.005045503192837484, 0.001138159171905604, 0.0008937573681693208, 0.0022880276898423948, 0.0003999826732362489, 0.0003411357789738612, 0.0011258700204930861, 0.00034266005043499375, 0.0002768519221383198, 0.0006459635297614604, 0.00027091626002036446, 0.0004487388994443111, 0.0005832270512707938, 0.0003839482719479423, 0.0005462102164591638, 0.00021632392498309626, 0.00022157273658205206, 0.00023285918166624176, 0.000580980164420322, 0.0002648183118794648, 0.0003217988991644066, 0.00024278731884753624, 0.0002553277606981366, 0.00024080234541689534, 0.00020702294497415756, 0.00019113737370985448, 0.00029136126273317193, 0.0002868172849874141, 0.0001946064254845634, 0.0003780041727926194, 0.0002189049923329329, 0.0002355773543779927, 0.00026892208057458563, 0.0002168425139604457, 0.0002393413474368279, 0.00020674142911309315, 0.00022622648913610824, 0.0001936550601354172, 0.00018916083200596842, 0.00018813658153839628, 0.00018539822042580925, 0.00020169105678126043, 0.0002066994941941076, 0.0002140881488387471, 0.0001985204189413812, 0.0001887219310975033, 0.00019742181880299059, 0.00020902028353148857, 0.0001931105032509685, 0.0001898287114638423, 0.0001932567899017869, 0.00019337958514077547, 0.00019162147894338438, 0.0001979886990676309, 0.00020375921067379644, 0.0002018349231516838, 0.000197491939271176, 0.00020018042962236768, 0.00019825827829423026, 0.00020004597217325942, 0.0001991720009127989], "val_rmse": [37.871912260688, 33.16075973689573, 24.783988656993852, 35.78372500992508, 16.992432649093665, 15.127662613485962, 24.003923731177522, 10.120604514661538, 9.33980413194755, 16.906273466365416, 9.33646172364509, 8.407205633703914, 12.793461941829165, 8.324484997648456, 10.721243432082888, 12.198513903548994, 9.871904105167406, 11.812267482830615, 7.429878753863965, 7.513048646413711, 7.696496676812861, 12.185765852185774, 8.22720609721281, 9.074643332458203, 7.878951519376023, 8.085143473242152, 7.8521484156382915, 7.277456973756891, 6.99664144326374, 8.63157911508778, 8.560146036061033, 7.059474060525364, 9.800858316008284, 7.481694069847093, 7.757092829550241, 8.273510811024344, 7.449128620980716, 7.81638990073565, 7.27320699193346, 7.5976005179511175, 7.039564582624372, 6.959195416740981, 6.940566201542786, 6.891207369806243, 7.181249405053283, 7.27022677481093, 7.396585718129989, 7.127234393000797, 6.952282252298521, 7.107756780547293, 7.30886489634321, 7.030652643895949, 6.9711510323840065, 7.0343021804246755, 7.035364464575667, 7.003469697162419, 7.117716228388241, 7.219692944789343, 7.186082252326857, 7.107849896513515, 7.155566586840691, 7.121843140594875, 7.153530087047851, 7.137638059974414], "val_mae": [31.017866134643555, 26.01548957824707, 21.331514358520508, 29.710941314697266, 14.356249809265137, 12.42116928100586, 21.733814239501953, 7.049211502075195, 7.885721206665039, 15.551852226257324, 6.983485698699951, 6.431497573852539, 11.559884071350098, 6.485508918762207, 7.990688800811768, 9.914358139038086, 8.3529691696167, 10.070330619812012, 5.439133644104004, 5.060898303985596, 5.444321155548096, 9.875155448913574, 5.977186679840088, 6.814210891723633, 5.998318672180176, 6.225435256958008, 5.324747085571289, 5.330928802490234, 4.701760292053223, 6.6379618644714355, 6.554628372192383, 5.0308122634887695, 8.062176704406738, 5.528559684753418, 6.080428123474121, 6.474337577819824, 5.3426833152771, 5.765763759613037, 5.118935585021973, 5.795469284057617, 4.908601760864258, 4.834003925323486, 4.873300075531006, 4.872977256774902, 5.332488059997559, 5.381475925445557, 5.436890602111816, 5.244011402130127, 4.948423385620117, 5.098353862762451, 5.424849033355713, 5.063101291656494, 5.039804458618164, 5.116809844970703, 5.1253156661987305, 4.97501277923584, 5.200433731079102, 5.387696743011475, 5.320730686187744, 5.180385589599609, 5.276764392852783, 5.229942321777344, 5.2829132080078125, 5.216603755950928], "val_r2": [0.8786727786064148, 0.9069807529449463, 0.9480403661727905, 0.8916834592819214, 0.9755749702453613, 0.9806417226791382, 0.9512597322463989, 0.9913356304168701, 0.9926209449768066, 0.9758220314979553, 0.9926262497901917, 0.9940209984779358, 0.9861547946929932, 0.9941381216049194, 0.9902766942977905, 0.9874125719070435, 0.99175626039505, 0.9881970882415771, 0.9953303337097168, 0.995225191116333, 0.9949891567230225, 0.9874388575553894, 0.9942743182182312, 0.9930340051651001, 0.9947487711906433, 0.9944703578948975, 0.994784414768219, 0.9955199360847473, 0.9958590269088745, 0.9936976432800293, 0.9938015341758728, 0.995784342288971, 0.9918744564056396, 0.9952649474143982, 0.994909942150116, 0.9942096471786499, 0.9953060746192932, 0.9948318600654602, 0.9955251812934875, 0.9951171278953552, 0.9958080649375916, 0.9959032535552979, 0.9959251284599304, 0.9959828853607178, 0.9956375956535339, 0.9955288171768188, 0.9953720569610596, 0.9957029819488525, 0.9959113597869873, 0.995726466178894, 0.9954811930656433, 0.9958186745643616, 0.9958891272544861, 0.995814323425293, 0.9958130717277527, 0.9958509206771851, 0.9957144856452942, 0.9955908060073853, 0.995631754398346, 0.9957263469696045, 0.9956687688827515, 0.9957094788551331, 0.9956712126731873, 0.9956904649734497]}