{"train_loss": [1.126953732276223, 0.0021688474989079434, 0.0018456662923064997, 0.0013269040445255385, 0.0010927912038760006, 0.0007621365802494831, 0.0008568776189802569, 0.0006065648593822066, 0.0006675900165412887, 0.0005320880791047363, 0.000409665364062718, 0.00048288709521637904, 0.00046255107158668163, 0.000248098956576842, 0.00026110593754533637, 0.0002826861553061717, 0.0002782102949996135, 0.0002154006068626462, 0.0002157739732787738, 0.00020640818680752547, 0.00020997196443628969, 0.00021537471362634232, 0.00023344168225475424, 0.00023564000192491505, 0.00021017395322988396, 0.0001989817540664117, 0.0001878415222552873, 0.00019957410455418657, 0.00018464423908470633, 0.000188098612159005, 0.00017928273078681112, 0.00017963112705067372, 0.00014438600429892722, 0.00014675189366116612, 0.000140099486746963, 0.00014875890201968703, 0.000150098127461535, 0.00014138018435745135, 0.00012718467341947952, 0.00012538654778192565, 0.00012801648869545195, 0.0001260344251790555, 0.00011919859663926696, 0.00012099536741990414, 0.0001255438632999025, 0.00012217295805788653, 0.00011653050771010278, 0.00011665602814263921, 0.00011565305400415095, 0.0001156700432519356, 0.0001143828210043123, 0.00011440036925514399, 0.00011601907419446668, 0.00011280146123391145], "val_loss": [0.0035272885004307554, 0.004944550415783915, 0.0027857421670231877, 0.0028914110393681008, 0.0015281438574125195, 0.0017522771091154387, 0.0033703859503581295, 0.0004312553054089306, 0.0003364216274856644, 0.0006787197127439782, 0.0039734419551678, 0.0003580839191822316, 0.0010506398060432158, 0.0005617417542072322, 0.0007531821709478188, 0.00039074690968930574, 0.0004919277654935708, 0.0005988809180264578, 0.0004107789487576621, 0.00019015930113942716, 0.0005444683757073214, 0.00019518941094036056, 0.00017630100079301438, 0.0005543312149394444, 0.00032895589398787366, 0.00018980741078108664, 0.00015538109821749838, 0.00012383628403619886, 0.00021545452698266545, 0.0005016299192310578, 0.00016094450109787516, 0.0001691362844804792, 0.00013712252827941104, 0.00010279230596732008, 0.0001205434970161996, 0.00012357421947790711, 0.00010873974355659854, 0.00018702117076404543, 0.00013089176704746678, 0.0001308786083406398, 0.00010987904504365233, 0.0001192985861148055, 0.00017292342467002062, 0.0001562000237606489, 0.00011130822916890983, 0.0001142790157711377, 0.00015282637815120282, 0.00010930986755199207, 0.0001682680083429786, 0.00016200250397454256, 0.0001396203093928878, 0.0001604561385795742, 0.000165027959092397, 0.00013343252950573177], "val_rmse": [30.00829251438519, 35.532758185889186, 26.674619760279036, 27.149222110964224, 19.738830498369435, 21.14421264250538, 29.248357743026574, 10.480357371053717, 9.2530520790883, 13.1588854109605, 31.804457211767602, 9.527294501333351, 16.369007207911427, 11.962969546933545, 13.858006423761523, 9.981081423831796, 11.20813165835395, 12.362082781564043, 10.234687346140193, 6.967666610187564, 11.777310064213848, 7.06005060712707, 6.702448884170761, 11.89227516062817, 9.151948198211892, 6.953145024988721, 6.29636125385627, 5.6237135369720646, 7.401891786169274, 11.285555791862889, 6.405248051886919, 6.567378673906688, 5.914686202869766, 5.1235600751457895, 5.54592517726099, 5.613452332716009, 5.266690381314611, 6.8993587030024255, 5.77789143100039, 5.771818148132131, 5.293516281355115, 5.512396799795308, 6.634501715019131, 6.307175912170244, 5.327874588885112, 5.398088766888248, 6.239257124672251, 5.278605143072337, 6.5444558711114995, 6.4204453410714075, 5.963678092451072, 6.391962858032484, 6.482276227555567, 5.830917875556504], "val_mae": [27.535825729370117, 29.26911163330078, 20.285511016845703, 21.484375, 15.76601791381836, 18.435911178588867, 27.64908790588379, 9.091727256774902, 6.687373638153076, 10.849788665771484, 31.039480209350586, 8.049631118774414, 14.846762657165527, 10.390089988708496, 12.559720993041992, 8.355215072631836, 8.9053955078125, 10.953206062316895, 8.581374168395996, 5.067081451416016, 10.516838073730469, 4.8996901512146, 4.944653034210205, 10.501221656799316, 7.726521015167236, 5.219979286193848, 4.342217445373535, 3.582636833190918, 6.094974517822266, 10.209550857543945, 4.963460445404053, 4.93734073638916, 4.1649556159973145, 3.167684555053711, 3.815481662750244, 3.982222318649292, 3.536907911300659, 5.5916266441345215, 4.1052565574646, 4.195499897003174, 3.425031900405884, 3.8599698543548584, 5.334346294403076, 4.892515182495117, 3.582484006881714, 3.735316038131714, 4.776529788970947, 3.548896074295044, 5.185757160186768, 5.076751232147217, 4.477726936340332, 5.037299156188965, 5.140182018280029, 4.304235458374023], "val_r2": [0.9225521087646484, 0.891411304473877, 0.9388039708137512, 0.9366069436073303, 0.9664903879165649, 0.9615488052368164, 0.9264250993728638, 0.9905533194541931, 0.9926362633705139, 0.9851076006889343, 0.9130032658576965, 0.992193341255188, 0.9769552946090698, 0.9876915216445923, 0.983483076095581, 0.9914319515228271, 0.9891957640647888, 0.9868565201759338, 0.9909909963607788, 0.9958245754241943, 0.9880706071853638, 0.9957131147384644, 0.9961363673210144, 0.9878365397453308, 0.9927963018417358, 0.9958419799804688, 0.9965903759002686, 0.9972800016403198, 0.9952878952026367, 0.9890459775924683, 0.9964714050292969, 0.9962905645370483, 0.9969912171363831, 0.9977422952651978, 0.9973546862602234, 0.9972898960113525, 0.9976143836975098, 0.9959060549736023, 0.9971287846565247, 0.997134804725647, 0.9975900053977966, 0.9973865747451782, 0.9962143301963806, 0.9965786337852478, 0.99755859375, 0.9974938631057739, 0.9966519474983215, 0.9976035952568054, 0.9963163733482361, 0.996454656124115, 0.9969411492347717, 0.9964860677719116, 0.9963860511779785, 0.9970758557319641]}