{"train_loss": [0.8355082629642521, 0.002650001760160264, 0.0014004308221046812, 0.0013406166676969197, 0.0007129687401734722, 0.0008784617574397438, 0.0006827304860612807, 0.0004984013508454574, 0.000568951759207546, 0.0005169853166220352, 0.00039451986572552975, 0.0004408824033117316, 0.00035808824899364624, 0.0002041161962551996, 0.00025376061141567054, 0.00024439834361636225, 0.0002552795317639651, 0.00024307281102944845, 0.00028454552742074996, 0.00023525524873268576, 0.00024984365059376265, 0.00016463933887000447, 0.00017490322671409768, 0.00016663784556910217, 0.00018812857846429464, 0.00014784204745060727, 0.00014681308012558683, 0.00015428800383793153, 0.00014152474552527286, 0.00015491699724896955, 0.00015080569954499458, 0.00014264485118753957, 0.00014596781827724324, 0.00012834641518286215, 0.00012741500560458426, 0.00013034082800843932, 0.0001285152499454293, 0.00012346274483066876, 0.00012121412277897784, 0.00012438243127410085, 0.00012163449783446805, 0.0001165483828327314, 0.00011714921025626468, 0.00011587289115525962, 0.00011503732727690546, 0.00011310881723497564, 0.00011315346032810898, 0.00011450762871950596, 0.00011308961858538588], "val_loss": [0.005767444794380037, 0.0036377303306720536, 0.001042427040416421, 0.0026900470398561146, 0.0021981853720278413, 0.00047338442720041944, 0.0006832905887206614, 0.00208762281001599, 0.00020979367092940234, 0.00037000769861015735, 0.0006267082851196789, 0.001964028507214168, 0.00037596585600280295, 0.0002221798874949133, 0.0010768014779742594, 0.0002938000917394633, 0.00018023249374933564, 0.000843761644182973, 0.00029370952356187226, 0.0016706108715085462, 0.00021631685503648598, 0.0006893716721418153, 0.00027055239592948643, 0.0004110826309139763, 0.00043480641377901445, 0.000249374128972035, 0.0005287558091075117, 0.0004159680770655917, 7.70650181600846e-05, 0.00019083191619265354, 8.139481827850526e-05, 0.000348565605068954, 0.000271718746539225, 0.00015224160126998523, 0.00020000917402807967, 0.00010672835783852548, 0.0003213586087701839, 0.00018183144196485244, 0.00012069416111601107, 0.0001999653775511569, 0.0001513961514079376, 0.00010116642150692889, 0.0001297516300315044, 9.93152825032311e-05, 0.00018179550149408435, 0.00016833280878718248, 0.00012105810015134336, 0.0002488862790874689, 0.0001509410606443965], "val_rmse": [38.271982296534496, 30.27527716184548, 16.3010166717064, 26.181952350927727, 23.650053112139755, 10.996513507751985, 13.200937665522986, 23.02206821725624, 7.327965187656387, 9.663620392070005, 12.669535128067174, 22.35521108481162, 9.812834327007508, 7.543867376721213, 16.551203953033806, 8.674811228696312, 6.7630077347734465, 14.672363793109266, 8.667895254448442, 20.647900993313762, 7.417940209018949, 13.273554755956484, 8.311449945425437, 10.238682523255212, 10.525655012974179, 7.977439301635537, 11.616302846486445, 10.30993805475431, 4.4410901657534, 6.982427611448693, 4.562501881220181, 9.431320087028347, 8.326355823164496, 6.238861534728248, 7.145096662119776, 5.2276792601868465, 9.048467044719509, 6.8139268973157385, 5.5547019217903495, 7.146130198845222, 6.217706487315266, 5.0874941739135675, 5.759119183162399, 5.040003394473916, 6.813181711787951, 6.558262501406414, 5.563980248477194, 7.9668260832389315, 6.208140154741048], "val_mae": [32.337440490722656, 25.217960357666016, 13.172667503356934, 20.19207000732422, 20.926002502441406, 8.092756271362305, 10.595136642456055, 21.743289947509766, 5.787479877471924, 7.689849376678467, 10.0381498336792, 21.295902252197266, 7.445514678955078, 5.3724799156188965, 15.657925605773926, 6.572120189666748, 5.673589706420898, 13.680025100708008, 7.063036918640137, 19.969396591186523, 6.3537068367004395, 12.274262428283691, 7.006138801574707, 9.194656372070312, 9.455083847045898, 6.817602157592773, 10.724194526672363, 9.203036308288574, 2.683948040008545, 5.599621772766113, 2.9093236923217773, 8.339696884155273, 7.2298502922058105, 4.899444580078125, 5.963507175445557, 3.447165012359619, 8.044703483581543, 5.639045715332031, 4.233088493347168, 6.018240928649902, 5.052735805511475, 3.5920286178588867, 4.4139204025268555, 3.5226962566375732, 5.639530658721924, 5.3316192626953125, 4.1690521240234375, 6.94084358215332, 5.063712120056152], "val_r2": [0.8760958909988403, 0.9224646091461182, 0.9775222539901733, 0.9420133829116821, 0.9526861906051636, 0.9897710084915161, 0.9852587580680847, 0.9551655054092407, 0.9954575300216675, 0.9921004176139832, 0.9864217042922974, 0.9577252268791199, 0.9918546080589294, 0.995185911655426, 0.9768269658088684, 0.9936343431472778, 0.9961309432983398, 0.9817894101142883, 0.9936444759368896, 0.9639358520507812, 0.9953452944755554, 0.9850961565971375, 0.9941564202308655, 0.9911322593688965, 0.9906282424926758, 0.994616687297821, 0.9885854125022888, 0.9910084009170532, 0.998331606388092, 0.9958758354187012, 0.9982390999794006, 0.9924756288528442, 0.9941354393959045, 0.9967074394226074, 0.9956814050674438, 0.9976882338523865, 0.9930741190910339, 0.9960724711418152, 0.9973899722099304, 0.9956801533699036, 0.9967297315597534, 0.9978105425834656, 0.9971943497657776, 0.9978512525558472, 0.9960733652114868, 0.9963616728782654, 0.9973812699317932, 0.9946309924125671, 0.9967398047447205]}