{"train_loss": [0.8299949343083426, 0.0023243683332111686, 0.001392087186104618, 0.0012107552888874825, 0.0010807165021945436, 0.000806349464759338, 0.0006821822643150182, 0.0006025369577400852, 0.0004537525423354684, 0.0006695946502776888, 0.0004023252948312662, 0.0004264087092171674, 0.00036664083667206935, 0.0003681736499017391, 0.00038641219244499764, 0.00037488334405329975, 0.00031491252806377954, 0.000332729423658188, 0.00030542451114832565, 0.000289048927208149, 0.00017207033589119628, 0.0001737413377458534, 0.00019695448320887338, 0.00019017656150726206, 0.00018981511454442695, 0.00014275161246097505, 0.000141708114796739, 0.00014405349264472113, 0.0001474784827363552, 0.00013232342327962844, 0.0001328811367084899, 0.00015677648869034155, 0.00013243745622905687, 0.00011461537108586456, 0.00011066509289846111, 0.00010938291500049393, 0.00010557351435216752, 0.00010915239149303839, 0.00011267303156133633, 0.00011196314615237777, 0.00010836150192447418, 0.00010786822297702132, 0.00010043493300774851, 9.412537663313112e-05, 9.468447467672657e-05, 9.608053278498119e-05, 9.56893659279628e-05, 8.865334870139262e-05, 8.817035574723446e-05, 8.91420914950476e-05, 9.065214133163234e-05, 8.595654226855214e-05, 8.481460850956724e-05, 8.477373313116214e-05, 8.511093938767982e-05, 8.382972443471842e-05, 8.207131648724988e-05, 8.425284615021575e-05, 8.527706052588586e-05], "val_loss": [0.007439632257600529, 0.0020266172543687254, 0.0018542845115927316, 0.0017447747603251502, 0.001089740934615805, 0.0011335384006506293, 0.004048981491727862, 0.0012545493687636852, 0.0003847613313792999, 0.0020842040156685993, 0.00021448457983364928, 0.000932890944725308, 0.0009046050861212572, 0.0005227718392934652, 0.00021036197509162995, 0.00018240675963797598, 0.0005375055915695042, 0.00023802111964325647, 0.000899726304286842, 0.00045269063068043654, 0.00014666848774768054, 0.00020926568236743267, 0.0009489967453463442, 0.00034711951137842854, 0.00014779259624353065, 0.0002270508951254272, 0.00011059082304127096, 0.00012092044732850192, 9.086669288289964e-05, 0.0001543928946187501, 0.00035436551383329854, 0.00038867718548913374, 0.0003728775764520624, 0.0001187213592857006, 7.874074675333528e-05, 7.649687261157684e-05, 0.00011883031361478437, 7.588637176805323e-05, 7.402575018638355e-05, 0.0003692200735065268, 7.949604328236948e-05, 0.00012264571861364282, 8.911474881005098e-05, 0.0001373836671571072, 9.295935912904362e-05, 0.00012710480247221114, 7.583970739494686e-05, 8.275262006850687e-05, 7.843064918233722e-05, 9.928845321971087e-05, 8.335725812591183e-05, 7.819109731272697e-05, 7.913467111942234e-05, 8.192996453894974e-05, 8.738709075469056e-05, 8.795659307164813e-05, 7.741208471229741e-05, 7.751495894515903e-05, 7.429253050772212e-05], "val_rmse": [43.64873324693971, 22.762466536219225, 21.684175351932556, 21.12300271970073, 16.6316106746404, 16.934478152366218, 32.092125841327885, 17.86818581191119, 9.845181800012277, 23.054009753677477, 7.411067120397514, 15.447943116583616, 15.16139772438647, 11.521995407646548, 7.310869605737053, 6.829438596024217, 11.702206421518804, 7.766995406936146, 15.113975857971706, 10.685529203684437, 6.127763086007195, 7.304847560495706, 15.527963824096865, 9.411624019637191, 6.142228788257947, 7.61426200832336, 5.320263922605415, 5.553546686428398, 4.823049105424891, 6.275648057764383, 9.50221668281707, 9.958180914527755, 9.736098723162577, 5.510616632978489, 4.488964961658974, 4.425463618759824, 5.508731846477597, 4.4088347949619955, 4.354467986904326, 9.690628826259926, 4.5120958311036015, 5.601148092564058, 4.7669861897612025, 5.915826370672927, 4.8706385347013565, 5.687328964847605, 4.404589834006677, 4.597482008699164, 4.481779935991204, 5.031515173706357, 4.613115247926222, 4.474857025419831, 4.49576432838314, 4.575894277751848, 4.720982307761311, 4.736091327843439, 4.447890246608388, 4.450641354409067, 4.359983121506804], "val_mae": [33.287841796875, 20.046802520751953, 17.642112731933594, 16.382736206054688, 13.755997657775879, 13.440433502197266, 30.392230987548828, 15.465194702148438, 8.01960563659668, 21.361228942871094, 5.8980302810668945, 13.496487617492676, 14.012474060058594, 10.602704048156738, 5.356681823730469, 5.515916347503662, 10.513704299926758, 6.478972434997559, 14.152685165405273, 9.825239181518555, 4.4370245933532715, 6.019530773162842, 14.751758575439453, 8.20623779296875, 4.716036319732666, 6.4129204750061035, 3.7787632942199707, 4.232055187225342, 3.1990761756896973, 4.919314861297607, 8.916183471679688, 8.904129028320312, 8.882437705993652, 4.111538410186768, 2.781299591064453, 2.6468420028686523, 4.1972174644470215, 2.634315252304077, 2.589040756225586, 8.777318954467773, 2.790717840194702, 4.355771064758301, 3.1596057415008545, 4.763978004455566, 3.4340860843658447, 4.533601760864258, 2.756617784500122, 3.0551798343658447, 2.7387125492095947, 3.6727077960968018, 3.079249858856201, 2.7470037937164307, 2.891157388687134, 3.0421979427337646, 3.252107858657837, 3.2692854404449463, 2.836441993713379, 2.819051504135132, 2.629422187805176], "val_r2": [0.8388363718986511, 0.956170916557312, 0.9602250456809998, 0.9622571468353271, 0.976601243019104, 0.9757413268089294, 0.912879467010498, 0.972992479801178, 0.9918007850646973, 0.9550409913063049, 0.9953539371490479, 0.9798133373260498, 0.9805552363395691, 0.9887700080871582, 0.9954786896705627, 0.9960545897483826, 0.9884159564971924, 0.9948969483375549, 0.9806767106056213, 0.9903413653373718, 0.9968236684799194, 0.9954861402511597, 0.97960364818573, 0.9925070405006409, 0.996808648109436, 0.9950956702232361, 0.9976056218147278, 0.9973910450935364, 0.99803227186203, 0.9966685175895691, 0.9923620820045471, 0.9916114807128906, 0.9919815063476562, 0.997431218624115, 0.9982954263687134, 0.998343288898468, 0.9974330067634583, 0.9983557462692261, 0.9983960390090942, 0.9920561909675598, 0.9982777833938599, 0.9973461627960205, 0.9980777502059937, 0.9970395565032959, 0.9979932308197021, 0.9972638487815857, 0.9983589053153992, 0.9982120394706726, 0.9983008503913879, 0.997858464717865, 0.9981998205184937, 0.9983060956001282, 0.9982902407646179, 0.9982287883758545, 0.9981146454811096, 0.998102605342865, 0.9983264803886414, 0.9983243942260742, 0.9983919858932495]}