{"train_loss": [0.837346884222694, 0.0023447024157625925, 0.0013480046354071146, 0.001186392535700133, 0.0009369812741583931, 0.0008295434639211164, 0.000628282854393313, 0.0005631550325145076, 0.0005229703869905272, 0.0004874144993692542, 0.0004308544074870095, 0.0004221094026618025, 0.00024286695777647857, 0.00024232501005536444, 0.00025139441155395487, 0.0003300213701964142, 0.00026903496835478636, 0.00028474922217193135, 0.0002928372660057496, 0.0002425389931659968, 0.00023574231678061912, 0.0002596490968148775, 0.0002499307712287722, 0.0002305830102325562, 0.00020603043055420032, 0.0002197528890776176, 0.00019810956198194858, 0.00014438843596925965, 0.00015579077503725467, 0.0001395111490772124, 0.00014672143525690392, 0.00013264760318740384, 0.00012882209500952003, 0.0001323457940874335, 0.00012692318108011624, 0.00012844852602733516, 0.00012308762919299073, 0.00011850908927026962, 0.00012529474962933048, 0.00012779704473798566, 0.00012681741546703582, 0.00012038001542184357, 0.00010356349092969356, 0.00010750799902224667, 0.00010409614375651114, 0.00010460793400640375, 9.844418928110501e-05, 9.674703100322953e-05, 9.618952663358055e-05, 9.973468905036675e-05, 9.431969906667299e-05, 9.586293811335478e-05, 9.469355789809542e-05, 9.513428408230369e-05, 9.37921903135775e-05, 9.30799859203806e-05, 9.336182847619057e-05, 9.414889032776732e-05], "val_loss": [0.005256982311081185, 0.0027749395318350314, 0.0011985899103354651, 0.001955746201548568, 0.001478858466556588, 0.0007543812992713187, 0.0003692782938848067, 0.00032472552748215604, 0.002515088502171471, 0.0010020262077802705, 0.0009302025356551302, 0.0014676270070066134, 0.0009060454849955128, 0.0002524161459087884, 0.0015526638734479283, 0.0001640337194510002, 0.0001569996156725866, 0.0016037195272537944, 0.00036154309867036553, 0.0010456343932377802, 0.00014459361112363525, 0.00016052392239612875, 0.00011662325830774386, 0.00085367336628964, 0.00024444375211778396, 0.00023917846270748224, 0.00032111649234984935, 0.00013346352173272842, 0.00023202879243018647, 0.0005999990683047271, 0.00021071033082735932, 0.000245381769377144, 0.00035692708259502554, 0.00021245607917249842, 0.00010489254791166807, 0.00010263851451820438, 0.0003206528597962291, 9.902358312811081e-05, 0.0001570280813021507, 0.0001657459123169585, 0.00013911596208218238, 0.00010685544477678905, 0.00017482230922787281, 0.000157745371716585, 0.0001144012541116417, 0.00010024662294707141, 0.00012840085490858845, 0.00017912423827722303, 0.00013659278575624042, 0.00017507361680632025, 0.0001257068596619637, 0.00012349475495876652, 0.00011578505629142117, 0.00011595088847380519, 0.00011927624789910455, 0.00017339629715045935, 0.00011637311043286476, 0.0001693857275895002], "val_rmse": [36.62116520826361, 26.618354648610772, 17.49538862234489, 22.287795979176025, 19.419821203255356, 13.856591462301434, 9.711363705575684, 9.089885296827054, 25.305930860546308, 15.973019262504868, 15.410446864338287, 19.33168355984063, 15.207951343215733, 8.027593708091329, 19.89880404305118, 6.469092908238366, 6.327321394770053, 20.22123049771692, 9.606047759846561, 16.336992022695284, 6.076261023735275, 6.4019001405001275, 5.455248225339819, 14.752305190133898, 7.8979076656799085, 7.805789109880544, 9.050485789712349, 5.838275487063093, 7.6888039576274885, 12.35944413697477, 7.334183325780202, 7.909082922936436, 9.530853763536301, 7.3577905070911225, 5.175867297338977, 5.119195023079915, 9.040463931576992, 5.029194287485264, 6.3292138940666005, 6.497638566879569, 5.957382802126637, 5.2232107868113, 6.673773537876699, 6.341331283917643, 5.4024697907612484, 5.0599207960119355, 5.7229012186262915, 6.756318137701335, 5.900873552729522, 6.679255742625118, 5.6626938001466005, 5.6119265053056555, 5.435357910556096, 5.4385813372303184, 5.514874717970231, 6.645413886758172, 5.447924913603143, 6.567276152131081], "val_mae": [34.23118591308594, 23.16225814819336, 15.12324333190918, 17.940914154052734, 15.700721740722656, 11.094385147094727, 7.454524993896484, 6.929782390594482, 24.082916259765625, 13.57151985168457, 13.263649940490723, 18.098918914794922, 13.50717830657959, 5.879868030548096, 18.688631057739258, 4.309362411499023, 4.727270126342773, 19.151084899902344, 7.663303852081299, 14.884578704833984, 3.860698938369751, 3.888526201248169, 3.499767541885376, 13.659679412841797, 6.182492256164551, 6.376114845275879, 7.4896392822265625, 3.6739935874938965, 6.245354175567627, 11.222066879272461, 5.52863073348999, 6.513663291931152, 8.373326301574707, 6.062065124511719, 3.1286208629608154, 2.934014320373535, 7.695792198181152, 2.850447654724121, 4.7144455909729, 5.061698913574219, 4.251858234405518, 3.227113723754883, 5.270236492156982, 4.752394199371338, 3.5538971424102783, 2.9806160926818848, 3.9991977214813232, 5.28970193862915, 4.295989990234375, 5.279815673828125, 3.9532418251037598, 3.8469653129577637, 3.5884275436401367, 3.6094131469726562, 3.751188278198242, 5.271740913391113, 3.655360460281372, 5.209838390350342], "val_r2": [0.8846570253372192, 0.9390618205070496, 0.9736746549606323, 0.9572770595550537, 0.9675647616386414, 0.9834864735603333, 0.9918887615203857, 0.9928936958312988, 0.9449228644371033, 0.9780567288398743, 0.9795752167701721, 0.9678584933280945, 0.9801084399223328, 0.9944576025009155, 0.9659450054168701, 0.9964007139205933, 0.9965567588806152, 0.9648324251174927, 0.9920637607574463, 0.9770452976226807, 0.9968245625495911, 0.996475100517273, 0.9974405169487, 0.9812825322151184, 0.9946352243423462, 0.9947596192359924, 0.9929551482200623, 0.997068464756012, 0.9949155449867249, 0.9868621230125427, 0.9953737258911133, 0.9946200251579285, 0.9921875, 0.9953439235687256, 0.9976959228515625, 0.9977461099624634, 0.9929707646369934, 0.9978246688842773, 0.9965547323226929, 0.9963688850402832, 0.9969476461410522, 0.997653603553772, 0.99616938829422, 0.9965415000915527, 0.9974898099899292, 0.9977980256080627, 0.9971832036972046, 0.9960740208625793, 0.99700528383255, 0.9961630702018738, 0.9972421526908875, 0.9972913861274719, 0.9974591135978699, 0.9974561333656311, 0.997384250164032, 0.9962018728256226, 0.9974473714828491, 0.9962906241416931]}