{"train_loss": [0.06520596059671965, 0.002361046216532389, 0.0012138618246513553, 0.0008938275318715423, 0.0006713821687771164, 0.0005513442351877376, 0.00048256442257388, 0.0004717032070194357, 0.00041027302231252163, 0.00029799042030536206, 0.00030565769252774324, 0.0003053437281806086, 0.00031050195473598187, 0.00025340771673154795, 0.0002464167501014046, 0.0002601048645860238, 0.00025222830644111994, 0.0002279060930584625, 0.00022944323219228286, 0.00022430854380412474, 0.00022624206791662093, 0.00021459929154517542, 0.00021108866443516304, 0.0002095705548186701, 0.00020792643975165232], "val_loss": [0.02121915679183737, 0.0028856887916969176, 0.0008403791828599919, 0.00038230902546584645, 0.00023986212311073856, 0.0009435840422973095, 0.0006097180483173113, 0.00025769347445377247, 0.00038753319807227626, 0.0005233996839383404, 0.0007372173470230337, 0.000842984646205671, 0.0005499075455849771, 0.0004887744836837142, 0.0005277612129155139, 0.0008488045237775375, 0.0008513443603832952, 0.0006673261593806889, 0.0007075489693823494, 0.0008786842045987504, 0.0006740450724164889, 0.0007912160033563189, 0.0006168496270168527, 0.000468243360454711, 0.000657307045116795], "val_rmse": [73.82795469557077, 27.22513446757139, 14.658849424667617, 9.89112522493432, 7.835070424204628, 15.384366291670549, 12.450853090281857, 8.103766293348237, 9.83394926911559, 11.444507224230703, 13.681211655703747, 14.55674584126908, 11.756066886615528, 11.117822624931268, 11.57703966003568, 14.653849000427968, 14.66409163555976, 12.962024682213219, 13.375493976348242, 14.89631062345404, 13.030483598378733, 14.158780105543995, 12.48040395131848, 10.914766762688368, 12.879777632979538], "val_mae": [61.1736946105957, 23.24202537536621, 11.23542308807373, 7.161124229431152, 6.058729648590088, 11.814119338989258, 10.644756317138672, 6.831480979919434, 7.859912872314453, 8.813265800476074, 12.022998809814453, 12.492481231689453, 9.134879112243652, 9.26415729522705, 9.98992919921875, 12.910933494567871, 12.661704063415527, 9.427041053771973, 11.441082954406738, 12.560462951660156, 10.246722221374512, 12.244361877441406, 9.940298080444336, 9.105250358581543, 10.484182357788086], "val_r2": [0.5468330383300781, 0.9383750557899475, 0.9821344614028931, 0.9918659329414368, 0.9948961138725281, 0.9803222417831421, 0.9871111512184143, 0.9945400357246399, 0.9919596910476685, 0.9891104102134705, 0.9844380021095276, 0.9823824763298035, 0.988509476184845, 0.989723265171051, 0.9888567328453064, 0.9821466207504272, 0.9821216464042664, 0.9860311150550842, 0.985125720500946, 0.981550931930542, 0.9858831763267517, 0.9833325743675232, 0.9870498776435852, 0.9900951981544495, 0.9862077832221985]}