{
    "train_loss": [
        0.0010035666203897673,
        0.0007343352463483839,
        0.00015961770167665818,
        0.0001349667854671978,
        0.00010852808836647149,
        0.0001149456622220646,
        9.731060354794884e-05,
        8.993100591605077e-05,
        8.196856724124985e-05,
        8.919326111019806e-05,
        8.096841589882276e-05,
        7.965519777639104e-05,
        7.618129752040485e-05,
        7.241158977097375e-05,
        7.296666566242299e-05,
        6.835494530202824e-05,
        6.753703720271339e-05,
        6.655951601506779e-05,
        6.591706843203035e-05,
        6.317565428005986e-05,
        6.51279716703704e-05,
        6.483260438277521e-05,
        6.312161593031243e-05,
        6.145215236423235e-05,
        6.066956755686627e-05,
        6.08996595314627e-05,
        5.9483059691282996e-05,
        6.112713601452077e-05,
        5.648153426535765e-05,
        6.028055915993795e-05,
        5.801112282623422e-05,
        5.945219836298435e-05,
        5.596867904803744e-05,
        5.769500123750808e-05,
        5.815724065514101e-05,
        5.6527635392358346e-05,
        5.6268017456794816e-05,
        5.576485020480872e-05,
        5.855831349928835e-05,
        5.493932905859529e-05,
        5.4655513478431254e-05,
        5.408728580760484e-05,
        5.518900648089133e-05,
        5.6685227562633623e-05,
        5.583347495768476e-05,
        5.602974118584325e-05
    ],
    "val_loss": [
        0.0030415172848201814,
        0.0009939946341458753,
        0.001079063121505509,
        0.0007893318769340851,
        0.0007659390220162911,
        0.00035907185351081625,
        0.0004195578948482457,
        0.00033903444221036494,
        0.0004240303003366237,
        0.0004808486847803066,
        0.0003828840988120419,
        0.0006615706386076619,
        0.0005595438697024623,
        0.0003879712491908872,
        0.000392415049972783,
        0.0003823800189607273,
        0.0003006230299614675,
        0.0004173292693911373,
        0.0003370715072929671,
        0.00038997577039510327,
        0.000280875633741573,
        0.0003876285883434734,
        0.00031338283982310344,
        0.0004258245875493313,
        0.0003034335657797659,
        0.000278804066476694,
        0.000279401005477873,
        0.0002870775008419328,
        0.0003645126264757437,
        0.00031904118756642674,
        0.0003337652893781689,
        0.00028742131705169783,
        0.00030683268479818213,
        0.00032406360752061533,
        0.0002900851075496162,
        0.0003144265696164439,
        0.0002868856871587737,
        0.00030202716614915266,
        0.0002897836748742706,
        0.0002902378362935306,
        0.00029723537995545774,
        0.0003023370655936023,
        0.0002996617464932879,
        0.0003127607097119587,
        0.00030266223860761244,
        0.00029213339268417053
    ],
    "val_rmse": [
        7.00215606182554,
        4.009550613755559,
        4.157873309929703,
        3.515542669391874,
        3.44103378375984,
        2.297521694774124,
        2.4961410303070566,
        2.232093980526544,
        2.4925751100661517,
        2.6671072377406655,
        2.3768060743723582,
        3.2039241631208726,
        2.9004312326176676,
        2.3644843956054706,
        2.3917587683441086,
        2.347122309387261,
        2.05717497546993,
        2.472739075151877,
        2.187024855100507,
        2.375245533347861,
        1.9712041665931115,
        2.37073555617904,
        2.1050666042854282,
        2.4973714361235535,
        2.0641819424834633,
        1.9720382477763327,
        1.973684213035985,
        2.0089618643772145,
        2.2837481472298093,
        2.1320821888095374,
        2.177116162601671,
        2.0089477417046333,
        2.078782171297499,
        2.1396182400667456,
        2.01827343963957,
        2.1104297402803223,
        2.000246152035216,
        2.0587711728274782,
        2.011080446179277,
        2.0113548764516618,
        2.039209820917305,
        2.058546033157841,
        2.0504220993175704,
        2.0998764365038207,
        2.0616638338176947,
        2.0205262203124748
    ],
    "val_mae": [
        4.798694610595703,
        3.0876805782318115,
        3.216600179672241,
        2.61177396774292,
        2.4515068531036377,
        1.580180048942566,
        1.767050862312317,
        1.5790306329727173,
        1.638690710067749,
        1.8083674907684326,
        1.6885380744934082,
        2.639845848083496,
        2.0219647884368896,
        1.473823070526123,
        1.560106873512268,
        1.4383219480514526,
        1.204254150390625,
        1.6967220306396484,
        1.2592694759368896,
        1.5131583213806152,
        1.0222244262695312,
        1.5904433727264404,
        1.2810615301132202,
        1.7294905185699463,
        1.2027232646942139,
        1.119975209236145,
        1.1366379261016846,
        1.2218353748321533,
        1.384239673614502,
        1.3826289176940918,
        1.3349432945251465,
        1.2103523015975952,
        1.2480454444885254,
        1.2739921808242798,
        1.213699460029602,
        1.3127944469451904,
        1.134194016456604,
        1.2023698091506958,
        1.1407445669174194,
        1.1234216690063477,
        1.1658416986465454,
        1.1845203638076782,
        1.2024813890457153,
        1.2566550970077515,
        1.2118897438049316,
        1.1573646068572998
    ],
    "val_r2": [
        -0.7479565143585205,
        0.4268629550933838,
        0.38367533683776855,
        0.5593925714492798,
        0.5778712034225464,
        0.8118144273757935,
        0.7778710126876831,
        0.8223799467086792,
        0.7785052061080933,
        0.7464007139205933,
        0.798602283000946,
        0.6340417861938477,
        0.7000890970230103,
        0.8006849884986877,
        0.7960602641105652,
        0.8036013245582581,
        0.8491277098655701,
        0.7820165157318115,
        0.8294803500175476,
        0.7988666296005249,
        0.861474335193634,
        0.7996296882629395,
        0.8420212268829346,
        0.7776519060134888,
        0.8480981588363647,
        0.8613570928573608,
        0.8611255288124084,
        0.8561166524887085,
        0.8140640258789062,
        0.8379403352737427,
        0.8310219645500183,
        0.8561186790466309,
        0.8459417223930359,
        0.8367927074432373,
        0.8547797799110413,
        0.8412152528762817,
        0.8573624491691589,
        0.8488934636116028,
        0.8558130264282227,
        0.8557736873626709,
        0.8517513275146484,
        0.8489265441894531,
        0.8501165509223938,
        0.8427993059158325,
        0.848468542098999,
        0.8544554114341736
    ]
}