{"train_loss": [0.9452424519963992, 0.0017807519253647815, 0.0010731951970508538, 0.000736432184259264, 0.000603046370535874, 0.0004918934474587262, 0.0004817845781172554, 0.0004228815610426514, 0.00046975640518492304, 0.0003212167323419215, 0.00021577831326934617, 0.0002027109768487907, 0.0002325523959790679, 0.00021539258265805143, 0.00021526263539831583, 0.00020985574989866178, 0.00019919257711780328, 0.00021590902534416483, 0.00019800444225928423, 0.000196684323824369, 0.00014635085328616417, 0.0001415207792608551, 0.0001540624348518367, 0.00016953446591707268, 0.00014516762368237742, 0.00014700206279835235, 0.000171801859183828, 0.00014617860881396784, 0.00013221379199071984, 0.00012541228019332407, 0.000135562740363709, 0.0001232183215996394, 0.00011375345860030323, 0.00011882690504045548, 0.00011810874132676803, 0.00012143510127946055, 0.00011386529700897741, 0.00011194638967796122, 0.00011099851567101164, 0.00010919657176530633, 0.00011168636374350171, 0.00011128424409364994, 0.00010746337014167623, 0.0001114059326377733], "val_loss": [0.0007503116985076461, 0.004277604324984011, 0.001243626331363456, 0.000503073013156797, 0.0003674615877623611, 0.00024368667127209952, 0.002352509930533833, 0.002584632910870353, 0.0010858847291828346, 0.0027647208013128885, 0.0005955042239899436, 0.0009589637674430744, 0.0014374901727661517, 0.00021331427359101148, 0.00031967589197377273, 0.00012130278266612414, 0.00022759947436518804, 0.0005086200907572184, 0.0001731196736894988, 0.00014804011764148339, 0.000559305627878833, 0.00044880532425003333, 0.0001887742989948628, 0.00010117806863198131, 0.00029491826387453623, 0.00010255791423709337, 0.0001588827738424729, 0.0002953482097805606, 0.00017206806454192575, 0.00016863031389701734, 0.00015064662207235928, 0.00012468009845571063, 0.00015599695397103743, 0.00019066545611564636, 0.00016857655533782947, 0.0001745451821853362, 0.00014077662571065143, 0.00014219429180877926, 0.00015206484019848898, 0.000204428516689791, 0.00014491708891298537, 0.00015766489224037724, 0.0001253693688898698, 0.00015614301020999764], "val_rmse": [13.835215674105823, 33.06611253007469, 17.839206096963, 11.317793645535764, 9.643275757437634, 7.89687228517897, 24.33398241544759, 25.372803842001527, 16.54567799907936, 26.463117160006277, 12.273100578204938, 15.534508959987429, 19.074307946366297, 7.379350058202561, 9.005754114883127, 5.5731098272295245, 7.576277611887818, 11.325131608817236, 6.652286692815351, 6.155336883522964, 11.940153935397005, 10.68178579594851, 6.946343910690424, 5.085125508217685, 8.662687366215241, 5.111561158771202, 6.36452895753632, 8.667254892585476, 6.637870809825953, 6.566627584944609, 6.210778422687663, 5.649043598079063, 6.321117298014938, 6.978776638083341, 6.567193087989087, 6.678966175416917, 6.00432335540807, 6.034231131057012, 6.239884392083118, 7.23043392921113, 6.092628727970754, 6.353282662690289, 5.665836198576655, 6.324028441102787], "val_mae": [11.331527709960938, 31.509368896484375, 14.685208320617676, 9.524795532226562, 8.070535659790039, 6.038577556610107, 22.328550338745117, 21.864727020263672, 14.95706558227539, 24.76756477355957, 11.197858810424805, 14.175339698791504, 17.62907600402832, 6.27073335647583, 6.924409866333008, 3.8935489654541016, 5.850996494293213, 10.136146545410156, 5.083520889282227, 4.527347564697266, 11.186474800109863, 9.823066711425781, 5.121487140655518, 3.360816240310669, 7.761911392211914, 3.279724359512329, 4.579294681549072, 7.743134021759033, 4.437128067016602, 4.617376804351807, 4.061514377593994, 4.037576198577881, 4.1221513748168945, 5.664462089538574, 4.8593926429748535, 4.774876117706299, 3.985133409500122, 4.041348934173584, 4.483200550079346, 4.882531642913818, 4.2422404289245605, 4.6335768699646, 3.5992374420166016, 4.297343730926514], "val_r2": [0.983808159828186, 0.9075109958648682, 0.973080039024353, 0.9891645312309265, 0.9921336770057678, 0.9947248697280884, 0.9499101042747498, 0.9455421566963196, 0.97684246301651, 0.9407612681388855, 0.9872581362724304, 0.9795864224433899, 0.9692233800888062, 0.9953936338424683, 0.993139386177063, 0.9973726272583008, 0.9951444864273071, 0.9891504645347595, 0.9962565898895264, 0.9967949986457825, 0.9879401326179504, 0.9903481006622314, 0.995918333530426, 0.9978126287460327, 0.9936521053314209, 0.9977898001670837, 0.9965734481811523, 0.993645429611206, 0.9962728023529053, 0.9963523745536804, 0.996737003326416, 0.9973005652427673, 0.9966200590133667, 0.995880126953125, 0.9963517785072327, 0.9962264895439148, 0.9969503283500671, 0.9969198703765869, 0.9967063665390015, 0.9955776333808899, 0.9968599677085876, 0.9965855479240417, 0.997284471988678, 0.9966168999671936]}