{"train_loss": [2.0395397068758028, 0.0027400286194348995, 0.0010064404962647061, 0.00101447592896875, 0.00074532001733762, 0.0006813020454921151, 0.0005500123142085682, 0.0005289412429892065, 0.0004031245726554726, 0.0004250660518244751, 0.00035504723460829925, 0.00042685391403770505, 0.00028758869680482, 0.000314033429794318, 0.0003043145900077294, 0.00018425296710539933, 0.0002063514130545977, 0.00019651181699793178, 0.0002462188345816685, 0.00019857447704662963, 0.00021214533883791704, 0.00022345314145450875, 0.00016926116933553624, 0.00017050892700074026, 0.00016187393876652305, 0.00017704203506022727, 0.00014583091282335003, 0.00014388506239741287, 0.0001530389457072418, 0.00015267936295668523, 0.0001428899493196066, 0.00013832524665094052, 0.00014509938751311544, 0.000140180465929846, 0.00013896549680794123, 0.0001338771945134235, 0.0001366975950077176, 0.00013484189685886332], "val_loss": [0.009093342827808316, 0.0024535780686091623, 0.0032680103281511517, 0.0005114254246140702, 0.0005975263814424129, 0.00024321531006650217, 0.0010753519723195873, 0.0024338179053343973, 0.0002407725606989798, 0.0004184703425432846, 0.00019853954004299767, 0.0006961572307145929, 0.00039288839660253747, 0.0003513422508180595, 0.000272743208009568, 9.248852020600575e-05, 0.0001007075887241365, 8.388847799776273e-05, 0.00017708405073204925, 0.00023669072225888596, 0.00019187430371993673, 0.000359139021530536, 0.0002401065463324823, 0.00013742153587163663, 0.00017263040291285944, 0.00029475690669265723, 0.00010117495535386579, 0.00015015909485586673, 0.00010430410242244614, 0.0001164681810467917, 0.00014816752026955776, 0.00021527465265409835, 0.00010190584595944664, 0.0001366452732587857, 0.00012590086195707212, 0.00017528179023429402, 0.0002594462539700439, 0.00016943207522975476], "val_rmse": [48.10931156621346, 24.972816031183662, 28.92905245049678, 11.41558639724516, 12.36353117342177, 7.7886616288989226, 16.453419913667453, 24.79918861292391, 7.834833069211629, 10.344313499567951, 7.081964457765563, 13.315465462513822, 9.931872039769516, 9.273090307843544, 8.358428958587954, 4.866282175282549, 5.07752550547893, 4.635439457640894, 6.687520820371358, 7.78321586808869, 7.0094067175288295, 9.56922506577074, 7.820160306960625, 5.904323364561814, 6.646076002643226, 8.666757094082655, 5.0823647040031545, 6.191428738622407, 5.168674181528548, 5.461819687997693, 6.159124797227466, 7.415122339290204, 5.1087162631428065, 5.915861513756992, 5.678796837403836, 6.6979923827389145, 8.139585110075338, 6.587713144752059], "val_mae": [39.849552154541016, 22.264720916748047, 25.470760345458984, 8.593263626098633, 10.127410888671875, 6.2252326011657715, 15.032817840576172, 23.222930908203125, 5.618587017059326, 8.399962425231934, 5.7962212562561035, 12.38828182220459, 8.038297653198242, 6.924585819244385, 7.118490219116211, 3.160463333129883, 3.458847761154175, 2.905979871749878, 5.157476902008057, 6.653252601623535, 4.8390960693359375, 8.943594932556152, 6.908821105957031, 4.3749189376831055, 4.994094371795654, 7.660471439361572, 3.0361289978027344, 4.326519012451172, 3.353510856628418, 3.3736495971679688, 4.0187883377075195, 6.0716705322265625, 3.0188581943511963, 3.875174045562744, 3.714183807373047, 4.616903305053711, 6.675926208496094, 4.525097846984863], "val_r2": [0.80421382188797, 0.9472455978393555, 0.9292067289352417, 0.9889764785766602, 0.9870696663856506, 0.9948684573173523, 0.9770999550819397, 0.9479765892028809, 0.9948074221611023, 0.9909483790397644, 0.9957574009895325, 0.9850019216537476, 0.9916557669639587, 0.9927260279655457, 0.99409019947052, 0.9979968070983887, 0.9978191256523132, 0.9981823563575745, 0.9962168335914612, 0.9948756098747253, 0.9958438873291016, 0.9922540187835693, 0.9948268532752991, 0.9970510601997375, 0.9962635636329651, 0.9936461448669434, 0.997814953327179, 0.9967573285102844, 0.9977401494979858, 0.9974765181541443, 0.9967910647392273, 0.9953488707542419, 0.9977922439575195, 0.9970395565032959, 0.9972720742225647, 0.9962049722671509, 0.9943956136703491, 0.9963289499282837]}