{"train_loss": [1.9577475019299393, 0.0019540336646197603, 0.0011173493300423258, 0.0009374985539767499, 0.0008786337841746075, 0.0006366291554266015, 0.0005566484999438886, 0.0005107069044221729, 0.00046447329154076844, 0.00030487802601917663, 0.000329263610579617, 0.00031747846469620117, 0.00037914372080074556, 0.00029002243375151097, 0.00027480657065897846, 0.0002219022550574388, 0.0003290772083877216, 0.00015057276747871648, 0.00015953445204865217, 0.00017766919777935174, 0.0001870095348193995, 0.00013745634764268023, 0.00014264370065752294, 0.00014747955858664848, 0.00014874257550688989, 0.00012692557302994856, 0.00012904676992753304, 0.00012849193127623828, 0.00013057422241108158, 0.00012291374303543659, 0.00012150045267667745, 0.00012158082986901901, 0.00012223029628433179], "val_loss": [0.004626574484106197, 0.0008833088002067471, 0.006154495244371965, 0.00042508013082751434, 0.0005496250382959768, 0.00041670899757496784, 0.0004146487237322131, 0.0003967455395045257, 0.0003636023545770386, 0.00020072625140401637, 0.00024982885267046755, 0.0004966227383573463, 0.00018907690575233996, 0.0002576647502792184, 0.00026236774934913293, 0.0003340166599733747, 0.0003305493024569397, 0.00021718005968237818, 0.0006322410604086546, 0.0005782123471072039, 0.000568597564700022, 0.00024353331869057256, 0.000293257236085823, 0.000474422363592651, 0.0002621362821596555, 0.0002812734920428746, 0.00037033436512163377, 0.00030617453796293016, 0.00030222020189226936, 0.0003066926473112226, 0.00036470356312642, 0.0003618662922156355, 0.0002880693086094758], "val_rmse": [34.32947091410218, 14.949624986314717, 39.64493903900282, 10.390444371080363, 11.843224989394319, 10.290168395745182, 10.29042640862791, 10.042331362261113, 9.61868276987754, 7.157656602175601, 7.979014289802045, 11.220849480931935, 6.948004939840138, 8.106043371950907, 8.181340587047426, 9.222595447305924, 9.17922871193946, 7.447535052004125, 12.70205530071038, 12.152513886023748, 12.047645712416765, 7.887027819445487, 8.654593739618953, 11.006639037656928, 8.182727150565725, 8.476205619647448, 9.719319906421404, 8.841835920156223, 8.78465427645482, 8.849099633920655, 9.64865139249251, 9.609282107020517, 8.577877298193947], "val_mae": [29.499794006347656, 11.344160079956055, 37.43154525756836, 6.928861141204834, 9.426990509033203, 6.8514885902404785, 6.653229713439941, 8.201913833618164, 7.881958484649658, 4.763938903808594, 6.068211555480957, 9.84834098815918, 4.692075252532959, 6.309241771697998, 6.226635456085205, 7.28159761428833, 6.579139709472656, 5.718056678771973, 10.504640579223633, 8.770272254943848, 8.714070320129395, 5.934797286987305, 6.388402938842773, 8.243000984191895, 6.014978885650635, 6.269589424133301, 7.467687606811523, 6.520328521728516, 6.426629066467285, 6.367654323577881, 6.859042167663574, 6.828935623168945, 6.311343669891357], "val_r2": [0.8986412882804871, 0.9807785153388977, 0.8648231029510498, 0.9907147288322449, 0.9879366755485535, 0.9908930659294128, 0.9908925890922546, 0.9913264513015747, 0.9920428395271301, 0.9955937266349792, 0.9945244789123535, 0.9891712665557861, 0.9958481192588806, 0.9943487644195557, 0.9942432641983032, 0.9926846623420715, 0.9927533268928528, 0.9952296018600464, 0.9861236810684204, 0.9872983694076538, 0.9875166416168213, 0.9946500062942505, 0.9935579895973206, 0.9895807504653931, 0.9942412972450256, 0.99382084608078, 0.9918754696846008, 0.9932762384414673, 0.9933629035949707, 0.9932652115821838, 0.9919931888580322, 0.9920583963394165, 0.993671715259552]}